ID,Тип,Артикул,"GTIN, UPC, EAN или ISBN",Имя,Опубликован,Рекомендуемый?,"Видимость в каталоге","Краткое описание",Описание,"Дата начала действия скидки","Дата окончания действия скидки","Статус налога","Налоговый класс",Наличие,Запасы,"Величина малых запасов","Возможен ли предзаказ?","Продано индивидуально?","Вес (г)","Длина (мм)","Ширина (мм)","Высота (мм)","Разрешить отзывы от клиентов?","Примечание к покупке","Акционная цена","Базовая цена",Категории,Метки,"Класс доставки",Изображения,"Лимит скачивания","Дней срока скачивания",Родительский,"Сгруппированные товары",Апсэлы,Кросселы,"Внешний URL","Текст кнопки",Позиция,Бренды,Бренд,"Название атрибута 1","Значения атрибутов 1","Видимость атрибута 1","Глобальный атрибут 1","Название атрибута 2","Значения атрибутов 2","Видимость атрибута 2","Глобальный атрибут 2","Название атрибута 3","Значения атрибутов 3","Видимость атрибута 3","Глобальный атрибут 3","Название атрибута 4","Значения атрибутов 4","Видимость атрибута 4","Глобальный атрибут 4","Название атрибута 5","Значения атрибутов 5","Видимость атрибута 5","Глобальный атрибут 5","Название атрибута 6","Значения атрибутов 6","Видимость атрибута 6","Глобальный атрибут 6","Название атрибута 7","Значения атрибутов 7","Видимость атрибута 7","Глобальный атрибут 7","Название атрибута 8","Значения атрибутов 8","Видимость атрибута 8","Глобальный атрибут 8","Название атрибута 9","Значения атрибутов 9","Видимость атрибута 9","Глобальный атрибут 9","Название атрибута 10","Значения атрибутов 10","Видимость атрибута 10","Глобальный атрибут 10","Название атрибута 11","Значения атрибутов 11","Видимость атрибута 11","Глобальный атрибут 11","Название атрибута 12","Значения атрибутов 12","Видимость атрибута 12","Глобальный атрибут 12","Название атрибута 13","Значения атрибутов 13","Видимость атрибута 13","Глобальный атрибут 13","Название атрибута 14","Значения атрибутов 14","Видимость атрибута 14","Глобальный атрибут 14","Название атрибута 15","Значения атрибутов 15","Видимость атрибута 15","Глобальный атрибут 15","Название атрибута 16","Значения атрибутов 16","Видимость атрибута 16","Глобальный атрибут 16","Название атрибута 17","Значения атрибутов 17","Видимость атрибута 17","Глобальный атрибут 17","Название атрибута 18","Значения атрибутов 18","Видимость атрибута 18","Глобальный атрибут 18","Название атрибута 19","Значения атрибутов 19","Видимость атрибута 19","Глобальный атрибут 19","Название атрибута 20","Значения атрибутов 20","Видимость атрибута 20","Глобальный атрибут 20","Название атрибута 21","Значения атрибутов 21","Видимость атрибута 21","Глобальный атрибут 21","Мета: _yoast_wpseo_title","Мета: _yoast_wpseo_metadesc","Мета: _yfym_cargo_types","Мета: _yfym_individual_vat","Мета: _yfym_condition","Мета: _yfym_quality","Мета: _yoast_wpseo_primary_pwb-brand","Мета: _yoast_wpseo_primary_product_brand","Мета: _yoast_wpseo_primary_product_cat","Мета: _yoast_wpseo_primary_yfym_collection","Мета: _yoast_wpseo_focuskw","Мета: _yoast_wpseo_linkdex","Мета: _yoast_wpseo_content_score","Мета: _yoast_wpseo_estimated-reading-time-minutes","Мета: _yoast_wpseo_bctitle","Мета: _yfym_barcode"
7892,variable,,,"Электрический кондиционер моноблок TITAN LITE",1,0,visible,"Купите автокондиционер TITAN LITE с установкой под ключ. Выездной монтаж и беспроцентная рассрочка.","Электрический кондиционер моноблок TITAN LITE – компактный и эффективный автокондиционер мощностью 2000 Вт, идеально подходит для небольших грузовиков, сельхозтехники и спецтехники с напряжением питания 12В или 24В. Легко устанавливается на крышу или в окно автомобиля. Подключается напрямую к аккумулятору, что позволяет использовать без запуска двигателя, снижая эксплуатационные расходы. Объем хладагента 600 г. Тихая работа, простое и комфортное управление.\n\nРекомендуется к установке на следующие виды транспорта:\n• Грузовые автомобили: КАМАЗ, Мерседес, MAН, ДАФ, IVECO, МАЗ, SCANIA, ШАКМАН, Volvo, РЕНО.\n• Спецтехника (экскаваторы, погрузчики и пр.): JCB, БелАЗ, Terex, К-744, К-700, FAW, Амкодор, Шакман, ЯМЗ, JAC, Кунг, Shacman, Caterpillar, Liebherr.\n• Сельхозтехника (тракторы, комбайны и т.д.): МТЗ, Беларус, Т150, ХТЗ.\n• Комбайны: ДОН, Вектор 410, Нива, СарЭКС, Акрос 530.\n• Микроавтобусы: Mercedes Sprinter, Mercedes Vito, Peugeot Boxer.\n\nСостав комплекта:\n• Кондиционер-моноблок\n• Дистанционный пульт\n• Монтажный комплект\n• Силовой провод\n• Руководство пользователя",,,taxable,,1,,,0,0,26,760,760,305,0,,,,Автокондиционеры,,,"https://plata-ts.ru/wp-content/uploads/2025/conditioners-img/avtokondicioner-monoblok-titan-lite-1.webp, https://plata-ts.ru/wp-content/uploads/2025/conditioners-img/avtokondicioner-monoblok-titan-lite-2.webp, https://plata-ts.ru/wp-content/uploads/2025/conditioners-img/avtokondicioner-monoblok-titan-lite-3.webp, https://plata-ts.ru/wp-content/uploads/2025/conditioners-img/avtokondicioner-monoblok-titan-lite-4.webp, https://plata-ts.ru/wp-content/uploads/2025/conditioners-img/avtokondicioner-monoblok-titan-lite-5.webp, https://plata-ts.ru/wp-content/uploads/2025/conditioners-img/avtokondicioner-monoblok-titan-lite-6.webp",,,,,,,,,0,,"ООО «Титан»","Тип конструкции",Моноблок,1,1,"Тип монтажа","В люк, Накрышный",1,1,"Вид кондиционера","Автономный, Стояночный",1,1,"Напряжение (V)","12В, 24В",1,1,"Номинальная мощность (W)",850,1,1,"Номинальная сила тока (А)","10-40, 30-70",1,1,"Мощность охлаждения, Вт","2000, 2200",1,1,"Рабочая температура, C°","от +15 до +50",1,1,"Уровень шума, дБ(A)",65,1,1,Хладагент,R134A,1,1,"Объем хладагента, ±50 гр",600,1,1,"Заправлен хладагентом",Нет,1,1,"Масло компрессора",POE68,1,1,"Режим управления","Пульт управления, Ручное",1,1,"Размер внешнего блока (ДxШxВ), мм",680x675x150,1,1,"Размер внутреннего блока (ДxШxВ), мм",410х250x65,1,1,"Размер упаковки (ДxШxВ), мм",760х760х305,1,1,"Вес, кг",26,1,1,"Срок гарантии, мес.",12,1,1,Страна-производитель,Россия,1,1,"Типы транспортных средств","Грузовики, Микроавтобусы, Фургоны",1,1,"Стояночный автокондиционер моноблок TITAN LITE | Плата-ТС","Автономный электрокондиционер TITAN LITE для грузовиков, фургонов и спецтехники. Выгодная цена. Выездной монтаж. Рассрочка - 0%. Гарантия и Сервис.",default,global,default,default,,,,,"Электрический кондиционер моноблок TITAN LITE",57,90,1,"Электрический кондиционер моноблок TITAN LITE",
7893,variable,,,"Электрическая сплит-система TITAN SPLIT",1,0,visible,"Купите сплит-систему TITAN SPLIT для автомобиля с установкой под ключ. Выездной монтаж и беспроцентная рассрочка.","Электрическая сплит-система TITAN SPLIT – мощный автокондиционер с высокой холодопроизводительностью 3100 Вт, предназначен для грузового транспорта, автобусов и спецтехники с питанием 12В или 24В.\nВозможность установки внешнего блока на крышу и внутреннего блока в кабину позволяет равномерно распределять холодный воздух. Работает от аккумулятора без запуска двигателя, снижает расход топлива и нагрузку на мотор. Объем хладагента 600 г. Тихая работа и удобное управление обеспечивают дополнительный комфорт.\n\nРекомендуется к установке на следующие виды транспорта:\n• Грузовые автомобили: КАМАЗ, Мерседес, MAН, ДАФ, IVECO, МАЗ, SCANIA, ШАКМАН, Volvo, РЕНО.\n• Спецтехника (экскаваторы, погрузчики и пр.): JCB, БелАЗ, Terex, К-744, К-700, FAW, Амкодор, Шакман, ЯМЗ, JAC, Кунг, Shacman, Caterpillar, Liebherr.\n• Сельхозтехника (тракторы, комбайны и т.д.): МТЗ, Беларус, Т150, ХТЗ.\n• Комбайны: ДОН, Вектор 410, Нива, СарЭКС, Акрос 530.\n• Микроавтобусы: Mercedes Sprinter, Mercedes Vito, Peugeot Boxer.\n\nСостав комплекта:\n• Кондиционер-моноблок\n• Дистанционный пульт\n• Монтажный комплект\n• Силовой провод\n• Руководство пользователя",,,taxable,,1,,,0,0,23,1090,630,890,0,,,,Автокондиционеры,,,"https://plata-ts.ru/wp-content/uploads/2025/conditioners-img/avtomobilnaya-split-sistema-titan-1.webp, https://plata-ts.ru/wp-content/uploads/2025/conditioners-img/avtomobilnaya-split-sistema-titan-2.webp, https://plata-ts.ru/wp-content/uploads/2025/conditioners-img/avtomobilnaya-split-sistema-titan-3.webp, https://plata-ts.ru/wp-content/uploads/2025/conditioners-img/avtomobilnaya-split-sistema-titan-4.webp, https://plata-ts.ru/wp-content/uploads/2025/conditioners-img/avtomobilnaya-split-sistema-titan-5.webp",,,,,,,,,0,,"ООО «Титан»","Тип конструкции",Сплит-система,1,1,"Тип монтажа","В люк, Накрышный",1,1,"Вид кондиционера","Автономный, Стояночный",1,1,"Напряжение (V)","12В, 24В",1,1,"Номинальная мощность (W)",850,1,1,"Номинальная сила тока (А)","50, 65",1,1,"Мощность охлаждения, Вт","1950, 3100",1,1,"Рабочая температура, C°","от +15 до +50",1,1,"Уровень шума, дБ(A)",55,1,1,Хладагент,R134A,1,1,"Объем хладагента, ±50 гр",600,1,1,"Заправлен хладагентом",Нет,1,1,"Масло компрессора",POE68,1,1,"Режим управления","Пульт управления, Ручное",1,1,"Размер внешнего блока (ДxШxВ), мм",552х220х670,1,1,"Размер внутреннего блока (ДxШxВ), мм",490х370х165,1,1,"Размер упаковки (ДxШxВ), мм",1090х630х890,1,1,"Вес, кг",23,1,1,"Срок гарантии, мес.",12,1,1,Страна-производитель,Россия,1,1,"Типы транспортных средств","Автобусы, Грузовики, Спецтранспорт",1,1,"Стояночный автокондиционер сплит-система TITAN SPLIT | Плата-ТС","Автономный электрокондиционер TITAN SPLIT для грузовиков и спецтехники. Выгодная цена. Выездной монтаж. Рассрочка. Гарантия и Сервис.",default,global,default,default,,,,,"Электрическая сплит-система TITAN SPLIT",42,90,1,"Электрическая сплит-система TITAN SPLIT",
7894,variable,,,"Автокондиционер моноблок JUKOOL FT-TAC-PI09",1,0,visible,"Купите автокондиционер моноблок JUKOOL FT-TAC-PI09 с установкой под ключ по выгодной цене. Выездной монтаж и беспроцентная рассрочка.","Автокондиционер моноблок JUKOOL FT-TAC-PI09 – модель с холодопроизводительностью 2800 Вт для грузовых автомобилей, сельскохозяйственных, строительных машин, фургонов, автофургонов, лодок и любых транспортных средств с небольшой кабиной. Удобный монтаж на крышу автомобиля. Подключение к аккумулятору напряжением 12В или 24В, позволяет работать без включенного двигателя, снижая расход топлива и износ мотора. Объем хладагента 600г. Управление ручное или с помощью пульта.\n\nРекомендуется к установке на следующие виды транспорта:\n• Грузовые автомобили: КАМАЗ, Мерседес, MAН, ДАФ, IVECO, МАЗ, SCANIA, ШАКМАН, Volvo, РЕНО.\n• Спецтехника (экскаваторы, погрузчики и пр.): JCB, БелАЗ, Terex, К-744, К-700, FAW, Амкодор, Шакман, ЯМЗ, JAC, Кунг, Shacman, Caterpillar, Liebherr.\n• Сельхозтехника (тракторы, комбайны и т.д.): МТЗ, Беларус, Т150, ХТЗ.\n• Комбайны: ДОН, Вектор 410, Нива, СарЭКС, Акрос 530.\n• Микроавтобусы: Mercedes Sprinter, Mercedes Vito, Peugeot Boxer.\n\nСостав комплекта:\n• Блок кондиционера\n• Пульт ДУ\n• Крепеж\n• Уплотнительная резиновая прокладка\n• Крепежный кронштейн\n• Пластиковая крышка внутреннего блока",,,taxable,,1,,,0,0,37,1080,930,380,0,,,,Автокондиционеры,,,"https://plata-ts.ru/wp-content/uploads/2025/conditioners-img/avtokondicioner-jukool-ft-tac-pi09-1.webp, https://plata-ts.ru/wp-content/uploads/2025/conditioners-img/avtokondicioner-jukool-ft-tac-pi09-2.webp, https://plata-ts.ru/wp-content/uploads/2025/conditioners-img/avtokondicioner-jukool-ft-tac-pi09-3.webp, https://plata-ts.ru/wp-content/uploads/2025/conditioners-img/avtokondicioner-jukool-ft-tac-pi09-4.webp, https://plata-ts.ru/wp-content/uploads/2025/conditioners-img/avtokondicioner-jukool-ft-tac-pi09-5.webp, https://plata-ts.ru/wp-content/uploads/2025/conditioners-img/avtokondicioner-jukool-ft-tac-pi09-6.webp",,,,,,,,,0,,"ООО «Адверс»","Тип конструкции",Моноблок,1,1,"Тип монтажа","В люк, Накрышный",1,1,"Вид кондиционера","Автономный, Стояночный",1,1,"Напряжение (V)","12В, 24В",1,1,"Номинальная мощность (W)",1100,1,1,"Номинальная сила тока (А)","37-46, 75-92",1,1,"Мощность охлаждения, Вт",2800,1,1,"Рабочая температура, C°","от +15 до +50",1,1,"Уровень шума, дБ(A)",50,1,1,Хладагент,R134A,1,1,"Объем хладагента, ±50 гр",600,1,1,"Заправлен хладагентом",Нет,1,1,"Масло компрессора",PAG68,1,1,"Режим управления","Пульт управления, Ручное",1,1,"Размер внешнего блока (ДxШxВ), мм",974x827x197,1,1,"Размер внутреннего блока (ДxШxВ), мм",515x716x80,1,1,"Размер упаковки (ДxШxВ), мм",1080x930x380,1,1,"Вес, кг",37,1,1,"Срок гарантии, мес.",12,1,1,Страна-производитель,Россия,1,1,"Типы транспортных средств","Грузовики, Спецтранспорт, Фургоны",1,1,"Стояночный кондиционер моноблок JUKOOL FT-TAC-PI09 | Плата-ТС","Автономный электрический кондиционер JUKOOL PI09 для грузовиков, фургонов и спецтехники. Выездной монтаж. Беспроцентная рассрочка. Гарантия и Сервис.",default,global,default,default,,,,,"Автокондиционер моноблок JUKOOL FT-TAC-PI09",53,90,1,"Автокондиционер моноблок JUKOOL FT-TAC-PI09",
7895,variable,,,"Кондиционер стояночный JUKOOL FT-TAC-PV02",1,0,visible,"Купите стояночный кондиционер JUKOOL FT-TAC-PV02 для автомобиля с установкой под ключ. Выездной монтаж и беспроцентная рассрочка.","Кондиционер стояночный JUKOOL FT-TAC-PV02 – стояночная сплит-система с высокой мощностью охлаждения 2800 Вт, для грузовых автомобилей, сельхоз и спецтехники с питанием 12В или 24В. Установка на крышу или в люк автомобиля. Автономная работа от аккумулятора без запуска двигателя снижает расходы на топливо и обслуживание. Объем хладагента 600г. Тихая работа и простое управление пультом.\n\nРекомендуется к установке на следующие виды транспорта:\n• Грузовые автомобили: КАМАЗ, Мерседес, MAН, ДАФ, IVECO, МАЗ, SCANIA, ШАКМАН, Volvo, РЕНО.\n• Спецтехника (экскаваторы, погрузчики и пр.): JCB, БелАЗ, Terex, К-744, К-700, FAW, Амкодор, Шакман, ЯМЗ, JAC, Кунг, Shacman, Caterpillar, Liebherr.\n• Сельхозтехника (тракторы, комбайны и т.д.): МТЗ, Беларус, Т150, ХТЗ.\n• Комбайны: ДОН, Вектор 410, Нива, СарЭКС, Акрос 530.\n• Микроавтобусы: Mercedes Sprinter, Mercedes Vito, Peugeot Boxer.\n\nСостав комплекта:\n• Внешний и внутренний блоки\n• Пульт ДУ\n• Труба подачи хладагента (2 шт.)\n• Сливной шланг (2 шт.)\n• Опорная панель\n• Крепеж\n• Руководство пользователя",,,taxable,,1,,,0,0,37,1080,930,380,0,,,,Автокондиционеры,,,"https://plata-ts.ru/wp-content/uploads/2025/conditioners-img/avtokondicioner-jukool-ft-tac-pv02-1.webp, https://plata-ts.ru/wp-content/uploads/2025/conditioners-img/avtokondicioner-jukool-ft-tac-pv02-2.webp, https://plata-ts.ru/wp-content/uploads/2025/conditioners-img/avtokondicioner-jukool-ft-tac-pv02-3.webp, https://plata-ts.ru/wp-content/uploads/2025/conditioners-img/avtokondicioner-jukool-ft-tac-pv02-4.webp, https://plata-ts.ru/wp-content/uploads/2025/conditioners-img/avtokondicioner-jukool-ft-tac-pv02-5.webp, https://plata-ts.ru/wp-content/uploads/2025/conditioners-img/avtokondicioner-jukool-ft-tac-pv02-6.webp",,,,,,,,,0,,"ООО «Адверс»","Тип конструкции",Сплит-система,1,1,"Тип монтажа","В люк, Накрышный",1,1,"Вид кондиционера","Автономный, Стояночный",1,1,"Напряжение (V)","12В, 24В",1,1,"Номинальная мощность (W)",1100,1,1,"Номинальная сила тока (А)","37-46, 75-92",1,1,"Мощность охлаждения, Вт",2800,1,1,"Рабочая температура, C°","от +15 до +50",1,1,"Уровень шума, дБ(A)",50,1,1,Хладагент,R134A,1,1,"Объем хладагента, ±50 гр",600,1,1,"Заправлен хладагентом",Нет,1,1,"Масло компрессора",PAG68,1,1,"Режим управления","Пульт управления, Ручное",1,1,"Размер внешнего блока (ДxШxВ), мм",974x827x197,1,1,"Размер внутреннего блока (ДxШxВ), мм",515x716x80,1,1,"Размер упаковки (ДxШxВ), мм",1080x930x380,1,1,"Вес, кг",37,1,1,"Срок гарантии, мес.",12,1,1,Страна-производитель,Россия,1,1,"Типы транспортных средств","Грузовики, Спецтранспорт",1,1,"Стояночный кондиционер сплит-система JUKOOL FT-TAC-PV02 | Плата-ТС","Автономный электрический кондиционер JUKOOL PV02 для грузовиков и спецтехники. Выгодная цена. Выездной монтаж. Беспроцентная рассрочка. Гарантия и Сервис.",default,global,default,default,,,,,"Кондиционер стояночный JUKOOL FT-TAC-PV02",56,90,2,"Кондиционер стояночный JUKOOL FT-TAC-PV02",
7896,variable,,,"Электрический кондиционер моноблок Frost AXI 3000",1,0,visible,"Купите автокондиционер моноблок Frost AXI 3000 с установкой под ключ по выгодной цене. Выездной монтаж и беспроцентная рассрочка.","Электрический кондиционер моноблок Frost AXI 3000 – мощная модель на 3000 Вт для грузовиков и спецтехники с напряжением 12В или 24В. Установка автокондиционера на крышу или в люк. Подключение к аккумулятору обеспечивает автономное охлаждение до 6-ти часов, что обеспечивает экономию расхода топлива и снижает износ двигателя. Объем хладагента 500г. Тихая работа. Удобное управление пультом.\n\nРекомендуется к установке на следующие виды транспорта:\n• Грузовые автомобили: КАМАЗ, Мерседес, MAН, ДАФ, IVECO, МАЗ, SCANIA, ШАКМАН, Volvo, РЕНО.\n• Спецтехника (экскаваторы, погрузчики и пр.): JCB, БелАЗ, Terex, К-744, К-700, FAW, Амкодор, Шакман, ЯМЗ, JAC, Кунг, Shacman, Caterpillar, Liebherr.\n• Сельхозтехника (тракторы, комбайны и т.д.): МТЗ, Беларус, Т150, ХТЗ.\n• Комбайны: ДОН, Вектор 410, Нива, СарЭКС, Акрос 530.\n• Микроавтобусы: Mercedes Sprinter, Mercedes Vito, Peugeot Boxer.\n\nСостав комплекта:\n• Кондиционер-моноблок\n• Дистанционный пульт\n• Монтажный комплект\n• Набор метизов\n• Соединительные шланги\n• Силовой провод\n• Руководство пользователя",,,taxable,,1,,,0,0,39,1080,930,400,0,,,,Автокондиционеры,,,"https://plata-ts.ru/wp-content/uploads/2025/conditioners-img/avtocondicioner-frost-axi-3000-1.webp, https://plata-ts.ru/wp-content/uploads/2025/conditioners-img/avtocondicioner-frost-axi-3000-2.webp, https://plata-ts.ru/wp-content/uploads/2025/conditioners-img/avtocondicioner-frost-axi-3000-3.webp, https://plata-ts.ru/wp-content/uploads/2025/conditioners-img/avtocondicioner-frost-axi-3000-4.webp, https://plata-ts.ru/wp-content/uploads/2025/conditioners-img/avtocondicioner-frost-axi-3000-5.webp, https://plata-ts.ru/wp-content/uploads/2025/conditioners-img/avtocondicioner-frost-axi-3000-6.webp, https://plata-ts.ru/wp-content/uploads/2025/conditioners-img/avtocondicioner-frost-axi-3000-7.webp",,,,,,,,,0,,"СЦ «ЮГ-Фрост»","Тип конструкции",Моноблок,1,1,"Тип монтажа","В люк, Накрышный",1,1,"Вид кондиционера","Автономный, Стояночный",1,1,"Напряжение (V)","12В, 24В",1,1,"Номинальная мощность (W)",950,1,1,"Номинальная сила тока (А)","12-30, 24-60",1,1,"Мощность охлаждения, Вт",3000,1,1,"Рабочая температура, C°","от +15 до +50",1,1,"Уровень шума, дБ(A)",60,1,1,Хладагент,R134A,1,1,"Объем хладагента, ±50 гр",500,1,1,"Заправлен хладагентом",Нет,1,1,"Масло компрессора",POE68,1,1,"Режим управления","Пульт управления, Ручное",1,1,"Размер внешнего блока (ДxШxВ), мм",850х980х180,1,1,"Размер внутреннего блока (ДxШxВ), мм",275х360х160,1,1,"Размер упаковки (ДxШxВ), мм",1080x930x400,1,1,"Вес, кг",39,1,1,"Срок гарантии, мес.",12,1,1,Страна-производитель,Китай,1,1,"Типы транспортных средств","Грузовики, Спецтранспорт",1,1,"Стояночный автокондиционер моноблок FROST AXI 3000 | Плата-ТС","Автономный электрический кондиционер FROST AXI 3000 – мощная модель для грузовиков и спецтехники. Выгодная цена. Монтаж. Рассрочка - 0%. Гарантия.",default,global,default,default,,,,,"Электрический кондиционер моноблок Frost AXI 3000",53,90,1,"Электрический кондиционер моноблок Frost AXI 3000",
7897,variable,,,"Электрический кондиционер моноблок Frost AXI 1500",1,0,visible,"Купите электрический кондиционер Frost AXI 1500 для автомобиля с установкой под ключ. Выездной монтаж и беспроцентная рассрочка.","Электрический кондиционер моноблок Frost AXI 1500 – компактный автокондиционер мощностью 1500 Вт, идеально подходящий для небольшого коммерческого транспорта с питанием 12В или 24В. Простая установка на крышу или в люк машины. Подключение напрямую к аккумулятору обеспечивает автономную работу без запуска двигателя. Объем хладагента 460г. Тихий в работе и простой в управлении.\n\nРекомендуется к установке на следующие виды транспорта:\n• Грузовые автомобили: КАМАЗ, Мерседес, MAН, ДАФ, IVECO, МАЗ, SCANIA, ШАКМАН, Volvo, РЕНО.\n• Спецтехника (экскаваторы, погрузчики и пр.): JCB, БелАЗ, Terex, К-744, К-700, FAW, Амкодор, Шакман, ЯМЗ, JAC, Кунг, Shacman, Caterpillar, Liebherr.\n• Сельхозтехника (тракторы, комбайны и т.д.): МТЗ, Беларус, Т150, ХТЗ.\n• Комбайны: ДОН, Вектор 410, Нива, СарЭКС, Акрос 530.\n• Микроавтобусы: Mercedes Sprinter, Mercedes Vito, Peugeot Boxer.\n\nСостав комплекта:\n• Кондиционер-моноблок\n• Дистанционный пульт\n• Монтажный комплект\n• Набор метизов\n• Соединительные шланги\n• Силовой провод\n• Руководство пользователя",,,taxable,,1,,,0,0,27,760,760,300,0,,,,Автокондиционеры,,,"https://plata-ts.ru/wp-content/uploads/2025/conditioners-img/avtocondicioner-frost-axi-1500-1.webp, https://plata-ts.ru/wp-content/uploads/2025/conditioners-img/avtocondicioner-frost-axi-1500-2.webp, https://plata-ts.ru/wp-content/uploads/2025/conditioners-img/avtocondicioner-frost-axi-1500-3.webp, https://plata-ts.ru/wp-content/uploads/2025/conditioners-img/avtocondicioner-frost-axi-1500-4.webp, https://plata-ts.ru/wp-content/uploads/2025/conditioners-img/avtocondicioner-frost-axi-1500-5.webp, https://plata-ts.ru/wp-content/uploads/2025/conditioners-img/avtocondicioner-frost-axi-1500-6.webp, https://plata-ts.ru/wp-content/uploads/2025/conditioners-img/avtocondicioner-frost-axi-1500-7.webp, https://plata-ts.ru/wp-content/uploads/2025/conditioners-img/avtocondicioner-frost-axi-1500-8.webp, https://plata-ts.ru/wp-content/uploads/2025/conditioners-img/avtocondicioner-frost-axi-1500-9.webp",,,,,,,,,0,,"СЦ «ЮГ-Фрост»","Тип конструкции",Моноблок,1,1,"Тип монтажа","В люк, Накрышный",1,1,"Вид кондиционера","Автономный, Стояночный",1,1,"Напряжение (V)","12В, 24В",1,1,"Номинальная мощность (W)",1100,1,1,"Номинальная сила тока (А)","12-25, 24-50",1,1,"Мощность охлаждения, Вт",1500,1,1,"Рабочая температура, C°","от +15 до +50",1,1,"Уровень шума, дБ(A)",70,1,1,Хладагент,R134A,1,1,"Объем хладагента, ±50 гр",460,1,1,"Заправлен хладагентом",Нет,1,1,"Масло компрессора",POE68,1,1,"Режим управления","Пульт управления, Ручное",1,1,"Размер внешнего блока (ДxШxВ), мм",680х670х150,1,1,"Размер внутреннего блока (ДxШxВ), мм",460x580x140,1,1,"Размер упаковки (ДxШxВ), мм",760x760x300,1,1,"Вес, кг",27,1,1,"Срок гарантии, мес.",12,1,1,Страна-производитель,Китай,1,1,"Типы транспортных средств","Микроавтобусы, Фургоны",1,1,"Стояночный автокондиционер моноблок FROST AXI 1500 | Плата-ТС","Автономный электрический кондиционер FROST AXI 1500 для малотоннажных автомобилей. Выгодная цена. Выездной монтаж. Рассрочка - 0%. Гарантия и Сервис.",default,global,default,default,,,,,"Электрический кондиционер моноблок Frost AXI 1500",53,90,1,"Электрический кондиционер моноблок Frost AXI 1500",
7898,variable,,,"Электрический кондиционер моноблок Frost AXI 2000",1,0,visible,"Купите электрический автокондиционер Frost AXI 2000 с установкой под ключ. Выездной монтаж и беспроцентная рассрочка.","Электрический кондиционер моноблок Frost AXI 2000 – надежный кондиционер мощностью охлаждения 2600 Вт для грузовых автомобилей и спецтехники с напряжением 12В и 24В. Простая накрышная установка, подключение напрямую к аккумулятору. Автономное охлаждение до 6ти часов. Объем хладагента 500г. Тихая работа и дистанционное управление.\n\nРекомендуется к установке на следующие виды транспорта:\n• Грузовые автомобили: КАМАЗ, Мерседес, MAН, ДАФ, IVECO, МАЗ, SCANIA, ШАКМАН, Volvo, РЕНО.\n• Спецтехника (экскаваторы, погрузчики и пр.): JCB, БелАЗ, Terex, К-744, К-700, FAW, Амкодор, Шакман, ЯМЗ, JAC, Кунг, Shacman, Caterpillar, Liebherr.\n• Сельхозтехника (тракторы, комбайны и т.д.): МТЗ, Беларус, Т150, ХТЗ.\n• Комбайны: ДОН, Вектор 410, Нива, СарЭКС, Акрос 530.\n• Микроавтобусы: Mercedes Sprinter, Mercedes Vito, Peugeot Boxer.\n\nСостав комплекта:\n• Кондиционер-моноблок\n• Дистанционный пульт\n• Монтажный комплект\n• Набор метизов\n• Соединительные шланги\n• Силовой провод\n• Руководство пользователя",,,taxable,,1,,,0,0,36,1080,810,420,0,,,,Автокондиционеры,,,"https://plata-ts.ru/wp-content/uploads/2025/conditioners-img/avtocondicioner-frost-axi-2000-1.webp, https://plata-ts.ru/wp-content/uploads/2025/conditioners-img/avtocondicioner-frost-axi-2000-2.webp, https://plata-ts.ru/wp-content/uploads/2025/conditioners-img/avtocondicioner-frost-axi-2000-3.webp, https://plata-ts.ru/wp-content/uploads/2025/conditioners-img/avtocondicioner-frost-axi-2000-4.webp, https://plata-ts.ru/wp-content/uploads/2025/conditioners-img/avtocondicioner-frost-axi-2000-5.webp, https://plata-ts.ru/wp-content/uploads/2025/conditioners-img/avtocondicioner-frost-axi-2000-6.webp, https://plata-ts.ru/wp-content/uploads/2025/conditioners-img/avtocondicioner-frost-axi-2000-7.webp, https://plata-ts.ru/wp-content/uploads/2025/conditioners-img/avtocondicioner-frost-axi-2000-8.webp",,,,,,,,,0,,"СЦ «ЮГ-Фрост»","Тип конструкции",Моноблок,1,1,"Тип монтажа","В люк, Накрышный",1,1,"Вид кондиционера","Автономный, Стояночный",1,1,"Напряжение (V)","12В, 24В",1,1,"Номинальная мощность (W)",900,1,1,"Номинальная сила тока (А)",12-35,1,1,"Мощность охлаждения, Вт",2600,1,1,"Рабочая температура, C°","от +5 до +45",1,1,"Уровень шума, дБ(A)",70,1,1,Хладагент,R134A,1,1,"Объем хладагента, ±50 гр",500,1,1,"Заправлен хладагентом",Нет,1,1,"Масло компрессора",POE68,1,1,"Режим управления","Пульт управления, Ручное",1,1,"Размер внешнего блока (ДxШxВ), мм",750х820х180,1,1,"Размер внутреннего блока (ДxШxВ), мм",240х370х140,1,1,"Размер упаковки (ДxШxВ), мм",1080x810x420,1,1,"Вес, кг",36,1,1,"Срок гарантии, мес.",12,1,1,Страна-производитель,Китай,1,1,"Типы транспортных средств","Грузовики, Спецтранспорт",1,1,"Стояночный автокондиционер моноблок FROST AXI 2000 | Плата-ТС","Автономный электрокондиционер FROST AXI 2000 для грузовиков и тракторов. Выгодная цена. Выездной монтаж. Рассрочка. Гарантия и Сервис.",default,global,default,default,,,,,"Электрический кондиционер моноблок Frost AXI 2000",42,90,1,"Электрический кондиционер моноблок Frost AXI 2000",
7899,variable,,,"Универсальный электрический кондиционер Frost UC 5",1,0,visible,"Купите универсальный автокондиционер FROST UC 5 с установкой под ключ. Выездной монтаж и беспроцентная рассрочка.","Универсальный электрический кондиционер FROST UC 5 – надежная модель мощностью охлаждения 2600 Вт, подходит для большинства моделей грузовых автомобилей, автобусов и спецтехники. Прямое подключение к аккумулятору на 12В или 24В позволяет до шести часов автономно охлаждать кабину и салон автомобиля, без расхода топлива. Установка на крышу, в люк или окно. Объем хладагента 500г. Удобный пульт дистанционного управления на русском языке.\n\nРекомендуется к установке на следующие виды транспорта:\n• Грузовые автомобили: КАМАЗ, Мерседес, MAН, ДАФ, IVECO, МАЗ, SCANIA, ШАКМАН, Volvo, РЕНО.\n• Спецтехника (экскаваторы, погрузчики и пр.): JCB, БелАЗ, Terex, К-744, К-700, FAW, Амкодор, Шакман, ЯМЗ, JAC, Кунг, Shacman, Caterpillar, Liebherr.\n• Сельхозтехника (тракторы, комбайны и т.д.): МТЗ, Беларус, Т150, ХТЗ.\n• Комбайны: ДОН, Вектор 410, Нива, СарЭКС, Акрос 530.\n• Микроавтобусы: Mercedes Sprinter, Mercedes Vito, Peugeot Boxer.\n\nСостав комплекта:\n• Кондиционер\n• Дистанционный пульт\n• Комплект монтажный с заглушками\n• Провод силовой (коннектор-АКБ 7м)\n• Руководство пользователя",,,taxable,,1,,,0,0,25,770,500,450,0,,,,Автокондиционеры,,,"https://plata-ts.ru/wp-content/uploads/2025/conditioners-img/avtokondicioner-frost-uc5-1.webp, https://plata-ts.ru/wp-content/uploads/2025/conditioners-img/avtokondicioner-frost-uc5-2.webp, https://plata-ts.ru/wp-content/uploads/2025/conditioners-img/avtokondicioner-frost-uc5-3.webp, https://plata-ts.ru/wp-content/uploads/2025/conditioners-img/avtokondicioner-frost-uc5-4.webp, https://plata-ts.ru/wp-content/uploads/2025/conditioners-img/avtokondicioner-frost-uc5-5.webp, https://plata-ts.ru/wp-content/uploads/2025/conditioners-img/avtokondicioner-frost-uc5-6.webp, https://plata-ts.ru/wp-content/uploads/2025/conditioners-img/avtokondicioner-frost-uc5-7.webp, https://plata-ts.ru/wp-content/uploads/2025/conditioners-img/avtokondicioner-frost-uc5-8.webp, https://plata-ts.ru/wp-content/uploads/2025/conditioners-img/avtokondicioner-frost-uc5-9.webp",,,,,,,,,0,,"СЦ «ЮГ-Фрост»","Тип конструкции",Моноблок,1,1,"Тип монтажа","В люк, Накрышный",1,1,"Вид кондиционера","Автономный, Стояночный",1,1,"Напряжение (V)","12В, 24В",1,1,"Номинальная мощность (W)",850,1,1,"Номинальная сила тока (А)","33-42, 67-83",1,1,"Мощность охлаждения, Вт",2600,1,1,"Рабочая температура, C°","от +15 до +50",1,1,"Уровень шума, дБ(A)",60,1,1,Хладагент,R134A,1,1,"Объем хладагента, ±50 гр",500,1,1,"Заправлен хладагентом",Нет,1,1,"Масло компрессора",PAG68,1,1,"Режим управления","Пульт управления, Ручное",1,1,"Размер внешнего блока (ДxШxВ), мм",660х490х210,1,1,"Размер внутреннего блока (ДxШxВ), мм",460х315х160,1,1,"Размер упаковки (ДxШxВ), мм",770x500x450,1,1,"Вес, кг",25,1,1,"Срок гарантии, мес.",12,1,1,Страна-производитель,Китай,1,1,"Типы транспортных средств","Автобусы, Грузовики, Спецтранспорт",1,1,"Стояночный кондиционер универсальный FROST UC 5 | Плата-ТС","Автономный электрический кондиционер FROST UC 5 – под любую технику. Выгодная цена. Выездной монтаж. Рассрочка - 0%. Гарантия и Сервис.",default,global,default,default,,,,,"Универсальный электрический кондиционер Frost UC 5",51,90,1,"Универсальный электрический кондиционер Frost UC 5",
7900,variable,,,"Электрический кондиционер моноблок Frost AXI 5000",1,0,visible,"Купите автокондиционер моноблок FROST AXI 5000 с установкой под ключ. Выездной монтаж и беспроцентная рассрочка.","Электрический кондиционер моноблок FROST AXI 5000 – мощный автокондиционер с высокой холодопроизводительностью 3500 Вт, предназначенный для грузовиков, автобусов и спецтехники с питанием 24В. Удобный монтаж на крышу или в люк. Автономная работа от аккумулятора. Объем хладагента 500г. Тихий. Ручное и дистанционное управление.\n\nРекомендуется к установке на следующие виды транспорта:\n• Грузовые автомобили: КАМАЗ, Мерседес, MAН, ДАФ, IVECO, МАЗ, SCANIA, ШАКМАН, Volvo, РЕНО.\n• Спецтехника (экскаваторы, погрузчики и пр.): JCB, БелАЗ, Terex, К-744, К-700, FAW, Амкодор, Шакман, ЯМЗ, JAC, Кунг, Shacman, Caterpillar, Liebherr.\n• Сельхозтехника (тракторы, комбайны и т.д.): МТЗ, Беларус, Т150, ХТЗ.\n• Комбайны: ДОН, Вектор 410, Нива, СарЭКС, Акрос 530.\n• Микроавтобусы: Mercedes Sprinter, Mercedes Vito, Peugeot Boxer.\n\nСостав комплекта:\n• Кондиционер-моноблок\n• Дистанционный пульт\n• Монтажный комплект\n• Набор метизов\n• Соединительные шланги\n• Силовой провод\n• Руководство пользователя",,,taxable,,1,,,0,0,38,1060,950,380,0,,,,Автокондиционеры,,,"https://plata-ts.ru/wp-content/uploads/2025/conditioners-img/avtocondicioner-frost-axi-5000-1.webp, https://plata-ts.ru/wp-content/uploads/2025/conditioners-img/avtocondicioner-frost-axi-5000-10.webp, https://plata-ts.ru/wp-content/uploads/2025/conditioners-img/avtocondicioner-frost-axi-5000-2.webp, https://plata-ts.ru/wp-content/uploads/2025/conditioners-img/avtocondicioner-frost-axi-5000-3.webp, https://plata-ts.ru/wp-content/uploads/2025/conditioners-img/avtocondicioner-frost-axi-5000-4.webp, https://plata-ts.ru/wp-content/uploads/2025/conditioners-img/avtocondicioner-frost-axi-5000-5.webp, https://plata-ts.ru/wp-content/uploads/2025/conditioners-img/avtocondicioner-frost-axi-5000-6.webp, https://plata-ts.ru/wp-content/uploads/2025/conditioners-img/avtocondicioner-frost-axi-5000-7.webp, https://plata-ts.ru/wp-content/uploads/2025/conditioners-img/avtocondicioner-frost-axi-5000-8.webp, https://plata-ts.ru/wp-content/uploads/2025/conditioners-img/avtocondicioner-frost-axi-5000-9.webp",,,,,,,,,0,,"СЦ «ЮГ-Фрост»","Тип конструкции",Моноблок,1,1,"Тип монтажа","В люк, Накрышный",1,1,"Вид кондиционера","Автономный, Стояночный",1,1,"Напряжение (V)","12В, 24В",1,1,"Номинальная мощность (W)",1600,1,1,"Номинальная сила тока (А)","125-150, 63-75",1,1,"Мощность охлаждения, Вт",3500,1,1,"Рабочая температура, C°","от +5 до +45",1,1,"Уровень шума, дБ(A)",70,1,1,Хладагент,R134A,1,1,"Объем хладагента, ±50 гр",500,1,1,"Заправлен хладагентом",Нет,1,1,"Масло компрессора",POE68,1,1,"Режим управления","Пульт управления, Ручное",1,1,"Размер внешнего блока (ДxШxВ), мм",995х870х110,1,1,"Размер внутреннего блока (ДxШxВ), мм",490х300х130,1,1,"Размер упаковки (ДxШxВ), мм",1060x950x380,1,1,"Вес, кг",38,1,1,"Срок гарантии, мес.",12,1,1,Страна-производитель,Китай,1,1,"Типы транспортных средств","Автобусы, Грузовики, Спецтранспорт",1,1,"Стояночный автокондиционер моноблок FROST AXI 5000 | Плата-ТС","Автономный электрокондиционер FROST AXI 5000 для автобусов и тягачей. Выгодная цена. Выездной монтаж. Рассрочка. Гарантия и Сервис.",default,global,default,default,,,,,"Электрический кондиционер моноблок Frost AXI 5000",42,90,1,"Электрический кондиционер моноблок Frost AXI 5000",
7901,variable,,,"Автокондиционер моноблок AeroCool 2600M",1,0,visible,"Купите автокондиционер моноблок AeroCool 2600M с установкой под ключ. Выездной монтаж и беспроцентная рассрочка, гарантия 12 месяцев.","Автокондиционер Моноблок AeroCool 2600M – эффективная модель мощностью 2600 Вт, оптимальна для грузовиков и спецтехники. Простая установка на крышу или в люк. Автономная работа до шести часов от АКБ на 12В или 24В. Объем хладагента 550г. Тихая работа и удобный пульт.\n\nРекомендуется к установке на следующие виды транспорта:\n• Грузовые автомобили: КАМАЗ, Мерседес, MAН, ДАФ, IVECO, МАЗ, SCANIA, ШАКМАН, Volvo, РЕНО.\n• Спецтехника (экскаваторы, погрузчики и пр.): JCB, БелАЗ, Terex, К-744, К-700, FAW, Амкодор, Шакман, ЯМЗ, JAC, Кунг, Shacman, Caterpillar, Liebherr.\n• Сельхозтехника (тракторы, комбайны и т.д.): МТЗ, Беларус, Т150, ХТЗ.\n• Комбайны: ДОН, Вектор 410, Нива, СарЭКС, Акрос 530.\n• Микроавтобусы: Mercedes Sprinter, Mercedes Vito, Peugeot Boxer.\n\nСостав комплекта:\n• Кондиционера-моноблок\n• Пульт дистанционного управления\n• Губка уплотнительная для глушения вибраций\n• Декоративная крышка\n• Декоративные заглушки на болты крепления\n• Кабель питания 2,5м\n• Стяжки крепление (кронштейн)\n• Руководство пользователя",,,taxable,,1,,,0,0,35,900,900,400,0,,,,Автокондиционеры,,,"https://plata-ts.ru/wp-content/uploads/2025/conditioners-img/avtocondicioner-aerocool-2600m-1.webp, https://plata-ts.ru/wp-content/uploads/2025/conditioners-img/avtocondicioner-aerocool-2600m-2.webp, https://plata-ts.ru/wp-content/uploads/2025/conditioners-img/avtocondicioner-aerocool-2600m-3.webp, https://plata-ts.ru/wp-content/uploads/2025/conditioners-img/avtocondicioner-aerocool-2600m-4.webp, https://plata-ts.ru/wp-content/uploads/2025/conditioners-img/avtocondicioner-aerocool-2600m-5.webp, https://plata-ts.ru/wp-content/uploads/2025/conditioners-img/avtocondicioner-aerocool-2600m-6.webp, https://plata-ts.ru/wp-content/uploads/2025/conditioners-img/avtocondicioner-aerocool-2600m-7.webp, https://plata-ts.ru/wp-content/uploads/2025/conditioners-img/avtocondicioner-aerocool-2600m-8.webp, https://plata-ts.ru/wp-content/uploads/2025/conditioners-img/avtocondicioner-aerocool-2600m-9.webp",,,,,,,,,0,,"ООО «Теплоавто»","Тип конструкции",Моноблок,1,1,"Тип монтажа","В люк, Накрышный",1,1,"Вид кондиционера","Автономный, Стояночный",1,1,"Напряжение (V)","12В, 24В",1,1,"Номинальная мощность (W)",1000,1,1,"Номинальная сила тока (А)","37-42, 75-83",1,1,"Мощность охлаждения, Вт",2600,1,1,"Рабочая температура, C°","от +5 до +45",1,1,"Уровень шума, дБ(A)",50,1,1,Хладагент,R134A,1,1,"Объем хладагента, ±50 гр",550,1,1,"Заправлен хладагентом",Нет,1,1,"Масло компрессора",PAG68,1,1,"Режим управления","Пульт управления, Ручное",1,1,"Размер внешнего блока (ДxШxВ), мм",880х865х200,1,1,"Размер внутреннего блока (ДxШxВ), мм",600х330х160,1,1,"Размер упаковки (ДxШxВ), мм",900x900x400,1,1,"Вес, кг",35,1,1,"Срок гарантии, мес.",12,1,1,Страна-производитель,Россия,1,1,"Типы транспортных средств","Грузовики, Спецтранспорт",1,1,"Стояночный автокондиционер моноблок AeroCool 2600M | Плата-ТС","Автономный электрический кондиционер AeroCool 2600M для грузовиков. Выгодная цена. Выездной монтаж. Рассрочка - 0%. Гарантия и Сервис.",default,global,default,default,,,,,"Автокондиционер моноблок AeroCool 2600M",58,90,1,"Автокондиционер моноблок AeroCool 2600M",
7902,variable,,,"Автокондиционер сплит-система AeroCool 2600S",1,0,visible,"Купите автокондиционер сплит-систему AeroCool 2600S с установкой под ключ. Выездной монтаж и беспроцентная рассрочка.","Автокондиционер сплит-система AeroCool 2600S – удобная накрышная сплит-система мощностью 2600 Вт для грузового транспорта и спецтехники. Автономная работа от аккумулятора на 12В и 24В снижает расход топлива и износ двигателя. Объем хладагента 550г. Простое управление и тихая работа.\n\nРекомендуется к установке на следующие виды транспорта:\n• Грузовые автомобили: КАМАЗ, Мерседес, MAН, ДАФ, IVECO, МАЗ, SCANIA, ШАКМАН, Volvo, РЕНО.\n• Спецтехника (экскаваторы, погрузчики и пр.): JCB, БелАЗ, Terex, К-744, К-700, FAW, Амкодор, Шакман, ЯМЗ, JAC, Кунг, Shacman, Caterpillar, Liebherr.\n• Сельхозтехника (тракторы, комбайны и т.д.): МТЗ, Беларус, Т150, ХТЗ.\n• Комбайны: ДОН, Вектор 410, Нива, СарЭКС, Акрос 530.\n• Микроавтобусы: Mercedes Sprinter, Mercedes Vito, Peugeot Boxer.\n\nСостав комплекта:\n• Конденсаторный блок\n• Испарительный блок\n• Дистанционный пульт управления (на русском языке)\n• Силовой кабель 5м\n• Комплект крепления\n• Конденсационная трубка\n• Руководство пользователя",,,taxable,,1,,,0,0,28,750,500,400,0,,,,Автокондиционеры,,,"https://plata-ts.ru/wp-content/uploads/2025/conditioners-img/avtocondicioner-aerocool-2600s-1.webp, https://plata-ts.ru/wp-content/uploads/2025/conditioners-img/avtocondicioner-aerocool-2600s-2.webp, https://plata-ts.ru/wp-content/uploads/2025/conditioners-img/avtocondicioner-aerocool-2600s-3.webp, https://plata-ts.ru/wp-content/uploads/2025/conditioners-img/avtocondicioner-aerocool-2600s-4.webp, https://plata-ts.ru/wp-content/uploads/2025/conditioners-img/avtocondicioner-aerocool-2600s-5.webp, https://plata-ts.ru/wp-content/uploads/2025/conditioners-img/avtocondicioner-aerocool-2600s-6.webp",,,,,,,,,0,,"ООО «Теплоавто»","Тип конструкции",Сплит-система,1,1,"Тип монтажа","В люк, Накрышный",1,1,"Вид кондиционера","Автономный, Стояночный",1,1,"Напряжение (V)","12В, 24В",1,1,"Номинальная мощность (W)",950,1,1,"Номинальная сила тока (А)","37-42, 60-80",1,1,"Мощность охлаждения, Вт",2600,1,1,"Рабочая температура, C°","от +5 до +45",1,1,"Уровень шума, дБ(A)",60,1,1,Хладагент,R134A,1,1,"Объем хладагента, ±50 гр",550,1,1,"Заправлен хладагентом",Нет,1,1,"Масло компрессора",PAG68,1,1,"Режим управления","Пульт управления, Ручное",1,1,"Размер внешнего блока (ДxШxВ), мм",595x455x170,1,1,"Размер внутреннего блока (ДxШxВ), мм",505x330x150,1,1,"Размер упаковки (ДxШxВ), мм",750x500x400,1,1,"Вес, кг",28,1,1,"Срок гарантии, мес.",12,1,1,Страна-производитель,Россия,1,1,"Типы транспортных средств","Грузовики, Спецтранспорт",1,1,"Стояночный автокондиционер сплит-система AeroCool 2600S | Плата-ТС","Автономный электрический кондиционер AeroCool 2600S для грузовых автомобилей и спецтехники. Выгодная цена. Выездной монтаж. Рассрочка. Гарантия и Сервис.",default,global,default,default,,,,,"Автокондиционер сплит-система AeroCool 2600S",56,90,1,"Автокондиционер сплит-система AeroCool 2600S",
7903,variable,,,"Автономный электрический кондиционер AeroCool М2800",1,0,visible,"Купите автокондиционер AeroCool М2800 с установкой под ключ. Выездной монтаж и беспроцентная рассрочка. Гарантия 12 месяцев.","Автономный электрический кондиционер AeroCool М2800 — надежный автокондиционер для грузовиков и автобусов с мощностью охлаждения 2600 Вт. Моноблок устанавливается на крышу или в люк автомобиля. Подключение к аккумулятору на 12В или 24В позволяет автономно охлаждать кабину без работы двигателя, что экономит топливо. Управление через пульт ДУ или вручную. Низкий уровень шума обеспечивает комфорт, особенно в дальних рейсах.\n\nРекомендуется к установке на следующие виды транспорта:\n• Грузовые автомобили: КАМАЗ, Мерседес, MAН, ДАФ, IVECO, МАЗ, SCANIA, ШАКМАН, Volvo, РЕНО.\n• Спецтехника (экскаваторы, погрузчики и пр.): JCB, БелАЗ, Terex, К-744, К-700, FAW, Амкодор, Шакман, ЯМЗ, JAC, Кунг, Shacman, Caterpillar, Liebherr.\n• Сельхозтехника (тракторы, комбайны и т.д.): МТЗ, Беларус, Т150, ХТЗ.\n• Комбайны: ДОН, Вектор 410, Нива, СарЭКС, Акрос 530.\n• Микроавтобусы: Mercedes Sprinter, Mercedes Vito, Peugeot Boxer.\n\nСостав комплекта:\n• Кондиционер-моноблок\n• Дистанционный пульт управления (на русском языке)\n• Жгут проводов\n• Уплотнитель монтажный\n• Комплект метизов\n• Установочные кронштейны\n• Руководство пользователя",,,taxable,,1,,,0,0,35,870,1070,523,0,,,,Автокондиционеры,,,"https://plata-ts.ru/wp-content/uploads/2025/conditioners-img/avtocondicioner-aerocool-2800m-1.webp, https://plata-ts.ru/wp-content/uploads/2025/conditioners-img/avtocondicioner-aerocool-2800m-2.webp, https://plata-ts.ru/wp-content/uploads/2025/conditioners-img/avtocondicioner-aerocool-2800m-3.webp, https://plata-ts.ru/wp-content/uploads/2025/conditioners-img/avtocondicioner-aerocool-2800m-4.webp, https://plata-ts.ru/wp-content/uploads/2025/conditioners-img/avtocondicioner-aerocool-2800m-5.webp, https://plata-ts.ru/wp-content/uploads/2025/conditioners-img/avtocondicioner-aerocool-2800m-6.webp, https://plata-ts.ru/wp-content/uploads/2025/conditioners-img/avtocondicioner-aerocool-2800m-7.webp, https://plata-ts.ru/wp-content/uploads/2025/conditioners-img/avtocondicioner-aerocool-2800m-8.webp",,,,,,,,,0,,"ООО «Теплоавто»","Тип конструкции",Моноблок,1,1,"Тип монтажа","В люк, Накрышный",1,1,"Вид кондиционера","Автономный, Стояночный",1,1,"Напряжение (V)","12В, 24В",1,1,"Номинальная мощность (W)",850,1,1,"Номинальная сила тока (А)","15-45, 60-80",1,1,"Мощность охлаждения, Вт",2600,1,1,"Рабочая температура, C°","от +15 до +32",1,1,"Уровень шума, дБ(A)",64,1,1,Хладагент,R134A,1,1,"Объем хладагента, ±50 гр",350,1,1,"Заправлен хладагентом",Нет,1,1,"Масло компрессора",POE68,1,1,"Режим управления","Пульт управления, Ручное",1,1,"Размер внешнего блока (ДxШxВ), мм",770x970x158,1,1,"Размер внутреннего блока (ДxШxВ), мм",255x397x165,1,1,"Размер упаковки (ДxШxВ), мм",870x1070x523,1,1,"Вес, кг",35,1,1,"Срок гарантии, мес.",12,1,1,Страна-производитель,Россия,1,1,"Типы транспортных средств","Автобусы, Грузовики, Микроавтобусы, Фургоны",1,1,"Стояночный автокондиционер моноблок AeroCool M2800 | Плата-ТС","Автономный электрокондиционер AeroCool M2800 - для всех типов техники. Выгодная цена. Выездной монтаж. Рассрочка. Гарантия и Сервис.",default,global,default,default,,,,,"Автономный электрический кондиционер AeroCool М2800",41,90,2,"Автономный электрический кондиционер AeroCool М2800",
7904,variable,,,"Автономный электрический кондиционер AeroCool М3000",1,0,visible,"Купите кондиционер AeroCool М3000 для автомобиля с установкой под ключ. Выездной монтаж и беспроцентная рассрочка.","Автономный электрический кондиционер AeroCool М3000 — высокопроизводительный стояночный кондиционер для больших грузовиков с охлаждением 3000 Вт. Работает автономно от аккумулятора 12В или 24В, обеспечивая охлаждение без работы двигателя. Легко монтируется на крышу или в люк. Управляется дистанционно и вручную, обеспечивая тихую и комфортную атмосферу в салоне.\n\nРекомендуется к установке на следующие виды транспорта:\n• Грузовые автомобили: КАМАЗ, Мерседес, MAН, ДАФ, IVECO, МАЗ, SCANIA, ШАКМАН, Volvo, РЕНО.\n• Спецтехника (экскаваторы, погрузчики и пр.): JCB, БелАЗ, Terex, К-744, К-700, FAW, Амкодор, Шакман, ЯМЗ, JAC, Кунг, Shacman, Caterpillar, Liebherr.\n• Сельхозтехника (тракторы, комбайны и т.д.): МТЗ, Беларус, Т150, ХТЗ.\n• Комбайны: ДОН, Вектор 410, Нива, СарЭКС, Акрос 530.\n• Микроавтобусы: Mercedes Sprinter, Mercedes Vito, Peugeot Boxer.\n\nСостав комплекта:\n• Кондиционер-моноблок\n• Дистанционный пульт управления (на русском языке)\n• Жгут проводов\n• Уплотнитель монтажный\n• Комплект метизов\n• Установочные кронштейны\n• Руководство пользователя",,,taxable,,1,,,0,0,35,1020,1100,620,0,,,,Автокондиционеры,,,"https://plata-ts.ru/wp-content/uploads/2025/conditioners-img/avtocondicioner-aerocool-3000m-1.webp, https://plata-ts.ru/wp-content/uploads/2025/conditioners-img/avtocondicioner-aerocool-3000m-2.webp, https://plata-ts.ru/wp-content/uploads/2025/conditioners-img/avtocondicioner-aerocool-3000m-3.webp, https://plata-ts.ru/wp-content/uploads/2025/conditioners-img/avtocondicioner-aerocool-3000m-4.webp, https://plata-ts.ru/wp-content/uploads/2025/conditioners-img/avtocondicioner-aerocool-3000m-5.webp",,,,,,,,,0,,"ООО «Теплоавто»","Тип конструкции",Моноблок,1,1,"Тип монтажа","В люк, Накрышный",1,1,"Вид кондиционера","Автономный, Стояночный",1,1,"Напряжение (V)","12В, 24В",1,1,"Номинальная мощность (W)",1200,1,1,"Номинальная сила тока (А)","15-47, 25-94",1,1,"Мощность охлаждения, Вт",3000,1,1,"Рабочая температура, C°","от +15 до +45",1,1,"Уровень шума, дБ(A)",64,1,1,Хладагент,R134A,1,1,"Объем хладагента, ±50 гр",550,1,1,"Заправлен хладагентом",Нет,1,1,"Масло компрессора",POE68,1,1,"Режим управления","Пульт управления, Ручное",1,1,"Размер внешнего блока (ДxШxВ), мм",870x950x190,1,1,"Размер внутреннего блока (ДxШxВ), мм",350x340x130,1,1,"Размер упаковки (ДxШxВ), мм",1020x1100x620,1,1,"Вес, кг",35,1,1,"Срок гарантии, мес.",12,1,1,Страна-производитель,Россия,1,1,"Типы транспортных средств","Грузовики, Спецтранспорт",1,1,"Стояночный автокондиционер моноблок AeroCool M3000 | Плата-ТС","Автономный электрокондиционер AeroCool M3000 для больших фур и автобусов. Выгодная цена. Выездной монтаж. Рассрочка. Гарантия и Сервис.",default,global,default,default,,,,,"Автономный электрический кондиционер AeroCool М3000",41,90,1,"Автономный электрический кондиционер AeroCool М3000",
7905,variable,,,"Автономный электрический кондиционер AERO D1000",1,0,visible,"Купите автокондиционер AERO D1000 для автомобиля с установкой под ключ. Выездной монтаж и беспроцентная рассрочка.","Автономный электрический кондиционер AERO D1000 — компактный кондиционер для небольших грузовиков с охлаждением 2600 Вт. Автономное подключение от АКБ на 12В и 24В, позволяет охлаждать кабину без работы двигателя, что экономит топливо и снижает износ. Простая установка на крышу или в люк автомобиля. Тихий уровень шума во время работы. Управление — пультом или вручную.\n\nРекомендуется к установке на следующие виды транспорта:\n• Грузовые автомобили: КАМАЗ, Мерседес, MAН, ДАФ, IVECO, МАЗ, SCANIA, ШАКМАН, Volvo, РЕНО.\n• Микроавтобусы: Mercedes Sprinter, Mercedes Vito, Peugeot Boxer.\n\nСостав комплекта:\n• Моноблок\n• Дистанционный пульт управления (на русском языке)\n• Кабель питания с предохранителем (360 см)\n• Кабель кондиционера (330 см)\n• Кронштейны\n• Уплотнительная губка (260 см)\n• Комплектующие\n• Саморезы с уплотнителями\n• Руководство пользователя",,,taxable,,1,,,0,0,32,1100,870,630,0,,,,Автокондиционеры,,,"https://plata-ts.ru/wp-content/uploads/2025/conditioners-img/avtocondicioner-aero-d1000-1.webp, https://plata-ts.ru/wp-content/uploads/2025/conditioners-img/avtocondicioner-aero-d1000-2.webp, https://plata-ts.ru/wp-content/uploads/2025/conditioners-img/avtocondicioner-aero-d1000-3.webp, https://plata-ts.ru/wp-content/uploads/2025/conditioners-img/avtocondicioner-aero-d1000-4.webp, https://plata-ts.ru/wp-content/uploads/2025/conditioners-img/avtocondicioner-aero-d1000-5.webp, https://plata-ts.ru/wp-content/uploads/2025/conditioners-img/avtocondicioner-aero-d1000-6.webp, https://plata-ts.ru/wp-content/uploads/2025/conditioners-img/avtocondicioner-aero-d1000-7.webp, https://plata-ts.ru/wp-content/uploads/2025/conditioners-img/avtocondicioner-aero-d1000-8.webp, https://plata-ts.ru/wp-content/uploads/2025/conditioners-img/avtocondicioner-aero-d1000-9.webp",,,,,,,,,0,,"ООО «Теплоавто»","Тип конструкции",Моноблок,1,1,"Тип монтажа","В люк, Накрышный",1,1,"Вид кондиционера","Автономный, Стояночный",1,1,"Напряжение (V)","12В, 24В",1,1,"Номинальная мощность (W)",800,1,1,"Номинальная сила тока (А)","16-75, 8-35",1,1,"Мощность охлаждения, Вт",2600,1,1,"Рабочая температура, C°","от +15 до +35",1,1,"Уровень шума, дБ(A)",55,1,1,Хладагент,R134A,1,1,"Объем хладагента, ±50 гр",380,1,1,"Заправлен хладагентом",Нет,1,1,"Масло компрессора",POE68,1,1,"Режим управления","Пульт управления, Ручное",1,1,"Размер внешнего блока (ДxШxВ), мм",950x720x165,1,1,"Размер внутреннего блока (ДxШxВ), мм",400x240x165,1,1,"Размер упаковки (ДxШxВ), мм",1100x870x630,1,1,"Вес, кг",32,1,1,"Срок гарантии, мес.",12,1,1,Страна-производитель,Россия,1,1,"Типы транспортных средств","Грузовики, Микроавтобусы, Спецтранспорт, Фургоны",1,1,"Стояночный автокондиционер моноблок AERO D1000 | Плата-ТС","Автономный электрокондиционер AERO D1000 для небольших грузовиков. Выгодная цена. Выездной монтаж. Рассрочка. Гарантия и Сервис.",default,global,default,default,,,,,"Автономный электрический кондиционер AERO D1000",41,90,1,"Автономный электрический кондиционер AERO D1000",
7906,variable,,,"Автономный электрический кондиционер AeroCool SXX-1800M",1,0,visible,"Купите автокондиционер AeroCool SXX 1800M с установкой под ключ. Выездной монтаж и беспроцентная рассрочка. Гарантия 12 месяцев.","Автономный электрический кондиционер AeroCool SXX 1800M — компактный кондиционер для небольших грузовиков с охлаждением 1800 Вт. Работает автономно от аккумулятора 12В или 24В, охлаждая кабину без двигателя, что экономит топливо и снижает износ. Простая накрышная установка, тихий уровень шума, управление — пультом или вручную. Компактные размеры идеальны для небольших машин.\n\nРекомендуется к установке на следующие виды транспорта:\n• Грузовые автомобили: КАМАЗ, Мерседес, MAН, ДАФ, IVECO, МАЗ, SCANIA, ШАКМАН, Volvo, РЕНО.\n• Микроавтобусы: Mercedes Sprinter, Mercedes Vito, Peugeot Boxer.\n\nСостав комплекта:\n• Моноблок\n• Дистанционный пульт управления (на русском языке)\n• Кабель питания с предохранителем (360 см)\n• Кабель кондиционера (330 см)\n• Кронштейны\n• Уплотнительная губка (260 см)\n• Комплектующие\n• Саморезы с уплотнителями\n• Руководство пользователя",,,taxable,,1,,,0,0,30,880,850,540,0,,,,Автокондиционеры,,,"https://plata-ts.ru/wp-content/uploads/2025/conditioners-img/avtocondicioner-aerocool-ssx-1800m-1.webp, https://plata-ts.ru/wp-content/uploads/2025/conditioners-img/avtocondicioner-aerocool-ssx-1800m-2.webp, https://plata-ts.ru/wp-content/uploads/2025/conditioners-img/avtocondicioner-aerocool-ssx-1800m-3.webp, https://plata-ts.ru/wp-content/uploads/2025/conditioners-img/avtocondicioner-aerocool-ssx-1800m-4.webp, https://plata-ts.ru/wp-content/uploads/2025/conditioners-img/avtocondicioner-aerocool-ssx-1800m-5.webp",,,,,,,,,0,,"ООО «Теплоавто»","Тип конструкции",Моноблок,1,1,"Тип монтажа","В люк, Накрышный",1,1,"Вид кондиционера","Автономный, Стояночный",1,1,"Напряжение (V)","12В, 24В",1,1,"Номинальная мощность (W)",600,1,1,"Номинальная сила тока (А)","16-60, 8-35",1,1,"Мощность охлаждения, Вт",1800,1,1,"Рабочая температура, C°","от +15 до +45",1,1,"Уровень шума, дБ(A)",55,1,1,Хладагент,R134A,1,1,"Объем хладагента, ±50 гр",320,1,1,"Заправлен хладагентом",Нет,1,1,"Масло компрессора",POE68,1,1,"Режим управления","Пульт управления, Ручное",1,1,"Размер внешнего блока (ДxШxВ), мм",730x700x170,1,1,"Размер внутреннего блока (ДxШxВ), мм",370x250x70,1,1,"Размер упаковки (ДxШxВ), мм",880x850x540,1,1,"Вес, кг",30,1,1,"Срок гарантии, мес.",12,1,1,Страна-производитель,Россия,1,1,"Типы транспортных средств","Грузовики, Микроавтобусы, Спецтранспорт, Фургоны",1,1,"Стояночный автокондиционер моноблок AeroCool SXX-1800M | Плата-ТС","Автономный электрокондиционер AeroCool SXX-1800M - для малотоннажных авто. Выгодная цена. Выездной монтаж. Рассрочка. Гарантия и Сервис.",default,global,default,default,,,,,"Автономный электрический кондиционер AeroCool SXX-1800M",41,90,1,"Автономный электрический кондиционер AeroCool SXX-1800M",
7907,variable,,,"Электрический кондиционер моноблок TITAN",1,0,visible,"Купите автокондиционер TITAN с установкой под ключ. Выездной монтаж и беспроцентная рассрочка.","Электрический кондиционер моноблок TITAN – эффективный стояночный кондиционер мощностью охлаждения 2000 Вт. Отлично подходит для грузовиков, автобусов, спецтехники и автодомов. Установка на крышу или в люк обеспечивает равномерное охлаждение кабины. Подключается к автомобильному аккумулятору 12В или 24В, охлаждая салон даже при выключенном двигателе, что снижает расход топлива и износ. Объем хладагента 500 г. Автокондиционер отличается тихой работой и простым управлением.\n\nРекомендуется к установке на следующие виды транспорта:\n• Грузовые автомобили: КАМАЗ, Мерседес, MAН, ДАФ, IVECO, МАЗ, SCANIA, ШАКМАН, Volvo, РЕНО.\n• Спецтехника (экскаваторы, погрузчики и пр.): JCB, БелАЗ, Terex, К-744, К-700, FAW, Амкодор, Шакман, ЯМЗ, JAC, Кунг, Shacman, Caterpillar, Liebherr.\n• Сельхозтехника (тракторы, комбайны и т.д.): МТЗ, Беларус, Т150, ХТЗ.\n• Комбайны: ДОН, Вектор 410, Нива, СарЭКС, Акрос 530.\n• Микроавтобусы: Mercedes Sprinter, Mercedes Vito, Peugeot Boxer.\n\nСостав комплекта:\n• Кондиционер-моноблок\n• Дистанционный пульт\n• Монтажный комплект\n• Силовой провод\n• Руководство пользователя",,,taxable,,1,,,0,0,38,1050,650,400,0,,,,Автокондиционеры,,,"https://plata-ts.ru/wp-content/uploads/2025/conditioners-img/avtokondicioner-monoblok-titan-1.webp, https://plata-ts.ru/wp-content/uploads/2025/conditioners-img/avtokondicioner-monoblok-titan-2.webp, https://plata-ts.ru/wp-content/uploads/2025/conditioners-img/avtokondicioner-monoblok-titan-3.webp, https://plata-ts.ru/wp-content/uploads/2025/conditioners-img/avtokondicioner-monoblok-titan-4.webp, https://plata-ts.ru/wp-content/uploads/2025/conditioners-img/avtokondicioner-monoblok-titan-5.webp, https://plata-ts.ru/wp-content/uploads/2025/conditioners-img/avtokondicioner-monoblok-titan-6.webp, https://plata-ts.ru/wp-content/uploads/2025/conditioners-img/avtokondicioner-monoblok-titan-7.webp",,,,,,,,,0,,"ООО «Титан»","Тип конструкции",Моноблок,1,1,"Тип монтажа","В люк, Накрышный",1,1,"Вид кондиционера","Автономный, Стояночный",1,1,"Напряжение (V)","12В, 24В",1,1,"Номинальная мощность (W)",800,1,1,"Номинальная сила тока (А)","68, 70",1,1,"Мощность охлаждения, Вт","2000, 2200",1,1,"Рабочая температура, C°","от +15 до +50",1,1,"Уровень шума, дБ(A)",65,1,1,Хладагент,R134A,1,1,"Объем хладагента, ±50 гр",500,1,1,"Заправлен хладагентом",Нет,1,1,"Масло компрессора",PAG68,1,1,"Режим управления","Пульт управления, Ручное",1,1,"Размер внешнего блока (ДxШxВ), мм",938х545x150,1,1,"Размер внутреннего блока (ДxШxВ), мм",572х266x115,1,1,"Размер упаковки (ДxШxВ), мм",1050x650x400,1,1,"Вес, кг",38,1,1,"Срок гарантии, мес.",12,1,1,Страна-производитель,Россия,1,1,"Типы транспортных средств","Автобусы, Грузовики, Спецтранспорт",1,1,"Стояночный автокондиционер моноблок TITAN | Плата-ТС","Автономный электрокондиционер TITAN 2000 Вт для грузовиков и автобусов. Выгодная цена. Выездной монтаж. Рассрочка. Гарантия и Сервис.",default,global,default,default,,,,,"Электрический кондиционер моноблок TITAN",46,90,1,"Электрический кондиционер моноблок TITAN",
7908,variable,,,"Электрический кондиционер моноблок TITAN PRO",1,0,visible,"Купите автокондиционер TITAN PRO с установкой под ключ. Выездной монтаж и беспроцентная рассрочка.","Электрический кондиционер моноблок TITAN PRO – производительная модель с мощностью охлаждения 2200 Вт. Предназначен для установки на грузовики, автобусы и спецтехнику. Монтаж автокондиционера производится на крышу или в люк. Подключается напрямую к АКБ 12В или 24В и охлаждает салон даже при заглушенном двигателе. Объем хладагента 430 г. Работает тихо и простой в управлении.\n\nРекомендуется к установке на следующие виды транспорта:\n• Грузовые автомобили: КАМАЗ, Мерседес, MAН, ДАФ, IVECO, МАЗ, SCANIA, ШАКМАН, Volvo, РЕНО.\n• Спецтехника (экскаваторы, погрузчики и пр.): JCB, БелАЗ, Terex, К-744, К-700, FAW, Амкодор, Шакман, ЯМЗ, JAC, Кунг, Shacman, Caterpillar, Liebherr.\n• Сельхозтехника (тракторы, комбайны и т.д.): МТЗ, Беларус, Т150, ХТЗ.\n• Комбайны: ДОН, Вектор 410, Нива, СарЭКС, Акрос 530.\n• Микроавтобусы: Mercedes Sprinter, Mercedes Vito, Peugeot Boxer.\n\nСостав комплекта:\n• Кондиционер-моноблок\n• Дистанционный пульт\n• Монтажный комплект\n• Силовой провод\n• Руководство пользователя",,,taxable,,1,,,0,0,31,1020,900,425,0,,,,Автокондиционеры,,,"https://plata-ts.ru/wp-content/uploads/2025/conditioners-img/avtokondicioner-monoblok-titan-pro-1.webp, https://plata-ts.ru/wp-content/uploads/2025/conditioners-img/avtokondicioner-monoblok-titan-pro-2.webp, https://plata-ts.ru/wp-content/uploads/2025/conditioners-img/avtokondicioner-monoblok-titan-pro-3.webp, https://plata-ts.ru/wp-content/uploads/2025/conditioners-img/avtokondicioner-monoblok-titan-pro-4.webp, https://plata-ts.ru/wp-content/uploads/2025/conditioners-img/avtokondicioner-monoblok-titan-pro-5.webp, https://plata-ts.ru/wp-content/uploads/2025/conditioners-img/avtokondicioner-monoblok-titan-pro-6.webp",,,,,,,,,0,,"ООО «Титан»","Тип конструкции",Моноблок,1,1,"Тип монтажа","В люк, Накрышный",1,1,"Вид кондиционера","Автономный, Стояночный",1,1,"Напряжение (V)","12В, 24В",1,1,"Номинальная мощность (W)",1100,1,1,"Номинальная сила тока (А)","42, 83",1,1,"Мощность охлаждения, Вт","2200, 2600",1,1,"Рабочая температура, C°","от +15 до +50",1,1,"Уровень шума, дБ(A)",64,1,1,Хладагент,R134A,1,1,"Объем хладагента, ±50 гр",430,1,1,"Заправлен хладагентом",Нет,1,1,"Масло компрессора",PAG68,1,1,"Режим управления","Пульт управления, Ручное",1,1,"Размер внешнего блока (ДxШxВ), мм",750х550x205,1,1,"Размер внутреннего блока (ДxШxВ), мм",410х290x153,1,1,"Размер упаковки (ДxШxВ), мм",1020х900х425,1,1,"Вес, кг",31,1,1,"Срок гарантии, мес.",12,1,1,Страна-производитель,Россия,1,1,"Типы транспортных средств","Автобусы, Грузовики, Спецтранспорт, Фургоны",1,1,"Стояночный автокондиционер моноблок TITAN PRO | Плата-ТС","Автономный электрокондиционер TITAN PRO для грузовиков и спецтехники. Выгодная цена. Выездной монтаж. Рассрочка. Гарантия и Сервис.",default,global,default,default,,,,,"Электрический кондиционер моноблок TITAN PRO",46,90,1,"Электрический кондиционер моноблок TITAN PRO",
7909,variable,,,"Электрическая сплит-система универсальная TITAN 2kW",1,0,visible,"Купите сплит-систему TITAN 2kW для коммерческого транспорта с установкой под ключ. Выездной монтаж и беспроцентная рассрочка.","Электрическая сплит-система универсальная TITAN 2kW – модель с холодопроизводительностью на 1950 Вт или 2400 Вт, отлично подходит для коммерческого транспорта, сельхоз и спецтехники. Простой способ монтажа на крышу или в люк машины. Автокондиционер работает от аккумулятора 12В и 24В, охлаждает кабину автономно при заглушенном двигателе, уменьшая расход топлива и износ мотора. Объем хладагента 600 г. Очень тихая работа, простое ручное или дистанционное управление.\n\nРекомендуется к установке на следующие виды транспорта:\n• Грузовые автомобили: КАМАЗ, Мерседес, MAН, ДАФ, IVECO, МАЗ, SCANIA, ШАКМАН, Volvo, РЕНО.\n• Спецтехника (экскаваторы, погрузчики и пр.): JCB, БелАЗ, Terex, К-744, К-700, FAW, Амкодор, Шакман, ЯМЗ, JAC, Кунг, Shacman, Caterpillar, Liebherr.\n• Сельхозтехника (тракторы, комбайны и т.д.): МТЗ, Беларус, Т150, ХТЗ.\n• Комбайны: ДОН, Вектор 410, Нива, СарЭКС, Акрос 530.\n• Микроавтобусы: Mercedes Sprinter, Mercedes Vito, Peugeot Boxer.\n\nСостав комплекта:\n• Кондиционер-моноблок\n• Дистанционный пульт\n• Монтажный комплект\n• Силовой провод\n• Руководство пользователя",,,taxable,,1,,,0,0,23,1080,765,620,0,,,,Автокондиционеры,,,"https://plata-ts.ru/wp-content/uploads/2025/conditioners-img/avtomobilnaya-split-sistema-titan-2kw-12v-1.webp, https://plata-ts.ru/wp-content/uploads/2025/conditioners-img/avtomobilnaya-split-sistema-titan-2kw-12v-2.webp, https://plata-ts.ru/wp-content/uploads/2025/conditioners-img/avtomobilnaya-split-sistema-titan-2kw-12v-3.webp",,,,,,,,,0,,"ООО «Титан»","Тип конструкции",Сплит-система,1,1,"Тип монтажа","В люк, Накрышный",1,1,"Вид кондиционера","Автономный, Стояночный",1,1,"Напряжение (V)","12В, 24В",1,1,"Номинальная мощность (W)",1050,1,1,"Номинальная сила тока (А)","45, 65",1,1,"Мощность охлаждения, Вт","1950, 2400",1,1,"Рабочая температура, C°","от +15 до +50",1,1,"Уровень шума, дБ(A)",55,1,1,Хладагент,R134A,1,1,"Объем хладагента, ±50 гр",600,1,1,"Заправлен хладагентом",Нет,1,1,"Масло компрессора",POE68,1,1,"Режим управления","Пульт управления, Ручное",1,1,"Размер внешнего блока (ДxШxВ), мм",530х340х390,1,1,"Размер внутреннего блока (ДxШxВ), мм",490х335х148,1,1,"Размер упаковки (ДxШxВ), мм",1080х765х620,1,1,"Вес, кг",23,1,1,"Срок гарантии, мес.",12,1,1,Страна-производитель,Россия,1,1,"Типы транспортных средств","Грузовики, Микроавтобусы, Спецтранспорт, Фургоны",1,1,"Стояночный автокондиционер универсальный TITAN 2kW | Плата-ТС","Автономный электрокондиционер TITAN 2kW для спецтехники и автобусов. Выгодная цена. Выездной монтаж. Рассрочка. Гарантия и Сервис.",default,global,default,default,,,,,"Электрическая сплит-система универсальная TITAN 2kW",53,90,1,"Электрическая сплит-система универсальная TITAN 2kW",
7913,variation,22-1573,,"Электрический кондиционер моноблок TITAN LITE",1,0,visible,,,,,taxable,parent,1,,,0,0,,,,,0,,,61400,,,,https://plata-ts.ru/wp-content/uploads/2025/conditioners-img/avtokondicioner-monoblok-titan-lite-2.webp,,,id:7892,,,,,,2,,,"Напряжение (V)",24В,,1,"Номинальная сила тока (А)",10-40,,1,"Мощность охлаждения, Вт",2200,,1,,,,,,,,,,,,,,,,,,,,,,,,,,,,,,,,,,,,,,,,,,,,,,,,,,,,,,,,,,,,,,,,,,,,,,,,,,,,,,,,,,,,,,,,
7912,variation,22-0848,,"Электрический кондиционер моноблок TITAN LITE",1,0,visible,,,,,taxable,parent,1,,,0,0,,,,,0,,,61400,,,,https://plata-ts.ru/wp-content/uploads/2025/conditioners-img/avtokondicioner-monoblok-titan-lite-1.webp,,,id:7892,,,,,,1,,,"Напряжение (V)",12В,,1,"Номинальная сила тока (А)",30-70,,1,"Мощность охлаждения, Вт",2000,,1,,,,,,,,,,,,,,,,,,,,,,,,,,,,,,,,,,,,,,,,,,,,,,,,,,,,,,,,,,,,,,,,,,,,,,,,,,,,,,,,,,,,,,,,
7914,variation,22-0849,,"Электрическая сплит-система TITAN SPLIT",1,0,visible,,,,,taxable,parent,1,,,0,0,,,,,0,,,39900,,,,https://plata-ts.ru/wp-content/uploads/2025/conditioners-img/avtomobilnaya-split-sistema-titan-1.webp,,,id:7893,,,,,,1,,,"Напряжение (V)",12В,,1,"Номинальная сила тока (А)",65,,1,"Мощность охлаждения, Вт",1950,,1,,,,,,,,,,,,,,,,,,,,,,,,,,,,,,,,,,,,,,,,,,,,,,,,,,,,,,,,,,,,,,,,,,,,,,,,,,,,,,,,,,,,,,,,
7915,variation,22-0399,,"Электрическая сплит-система TITAN SPLIT",1,0,visible,,,,,taxable,parent,1,,,0,0,,,,,0,,,39900,,,,https://plata-ts.ru/wp-content/uploads/2025/conditioners-img/avtomobilnaya-split-sistema-titan-5.webp,,,id:7893,,,,,,2,,,"Напряжение (V)",24В,,1,"Номинальная сила тока (А)",50,,1,"Мощность охлаждения, Вт",3100,,1,,,,,,,,,,,,,,,,,,,,,,,,,,,,,,,,,,,,,,,,,,,,,,,,,,,,,,,,,,,,,,,,,,,,,,,,,,,,,,,,,,,,,,,,
7916,variation,pi09-12,,"Автокондиционер моноблок JUKOOL FT-TAC-PI09",1,0,visible,,,,,taxable,parent,1,,,0,0,,,,,0,,,52000,,,,https://plata-ts.ru/wp-content/uploads/2025/conditioners-img/avtokondicioner-jukool-ft-tac-pi09-1.webp,,,id:7894,,,,,,1,,,"Напряжение (V)",12В,,1,"Номинальная сила тока (А)",75-92,,1,"Мощность охлаждения, Вт",2800,,1,,,,,,,,,,,,,,,,,,,,,,,,,,,,,,,,,,,,,,,,,,,,,,,,,,,,,,,,,,,,,,,,,,,,,,,,,,,,,,,,,,,,,,,,
7917,variation,pi09-24,,"Автокондиционер моноблок JUKOOL FT-TAC-PI09",1,0,visible,,,,,taxable,parent,1,,,0,0,,,,,0,,,49000,,,,https://plata-ts.ru/wp-content/uploads/2025/conditioners-img/avtokondicioner-jukool-ft-tac-pi09-1.webp,,,id:7894,,,,,,2,,,"Напряжение (V)",24В,,1,"Номинальная сила тока (А)",37-46,,1,"Мощность охлаждения, Вт",2800,,1,,,,,,,,,,,,,,,,,,,,,,,,,,,,,,,,,,,,,,,,,,,,,,,,,,,,,,,,,,,,,,,,,,,,,,,,,,,,,,,,,,,,,,,,
7919,variation,pv02-24,,"Кондиционер стояночный JUKOOL FT-TAC-PV02",1,0,visible,,,,,taxable,parent,1,,,0,0,,,,,0,,,42000,,,,https://plata-ts.ru/wp-content/uploads/2025/conditioners-img/avtokondicioner-jukool-ft-tac-pv02-2.webp,,,id:7895,,,,,,2,,,"Напряжение (V)",24В,,1,"Номинальная сила тока (А)",37-46,,1,"Мощность охлаждения, Вт",2800,,1,,,,,,,,,,,,,,,,,,,,,,,,,,,,,,,,,,,,,,,,,,,,,,,,,,,,,,,,,,,,,,,,,,,,,,,,,,,,,,,,,,,,,,,,
7918,variation,pv02-12,,"Кондиционер стояночный JUKOOL FT-TAC-PV02",1,0,visible,,,,,taxable,parent,1,,,0,0,,,,,0,,,45000,,,,https://plata-ts.ru/wp-content/uploads/2025/conditioners-img/avtokondicioner-jukool-ft-tac-pv02-1.webp,,,id:7895,,,,,,1,,,"Напряжение (V)",12В,,1,"Номинальная сила тока (А)",75-92,,1,"Мощность охлаждения, Вт",2800,,1,,,,,,,,,,,,,,,,,,,,,,,,,,,,,,,,,,,,,,,,,,,,,,,,,,,,,,,,,,,,,,,,,,,,,,,,,,,,,,,,,,,,,,,,
7920,variation,a11554,,"Электрический кондиционер моноблок Frost AXI 3000",1,0,visible,,,,,taxable,parent,1,,,0,0,,,,,0,,,62000,,,,https://plata-ts.ru/wp-content/uploads/2025/conditioners-img/avtocondicioner-frost-axi-3000-1.webp,,,id:7896,,,,,,1,,,"Напряжение (V)",12В,,1,"Номинальная сила тока (А)",24-60,,1,"Мощность охлаждения, Вт",3000,,1,,,,,,,,,,,,,,,,,,,,,,,,,,,,,,,,,,,,,,,,,,,,,,,,,,,,,,,,,,,,,,,,,,,,,,,,,,,,,,,,,,,,,,,,
7921,variation,a006606,,"Электрический кондиционер моноблок Frost AXI 3000",1,0,visible,,,,,taxable,parent,1,,,0,0,,,,,0,,,60000,,,,https://plata-ts.ru/wp-content/uploads/2025/conditioners-img/avtocondicioner-frost-axi-3000-2.webp,,,id:7896,,,,,,2,,,"Напряжение (V)",24В,,1,"Номинальная сила тока (А)",12-30,,1,"Мощность охлаждения, Вт",3000,,1,,,,,,,,,,,,,,,,,,,,,,,,,,,,,,,,,,,,,,,,,,,,,,,,,,,,,,,,,,,,,,,,,,,,,,,,,,,,,,,,,,,,,,,,
7922,variation,a011006,,"Электрический кондиционер моноблок Frost AXI 1500",1,0,visible,,,,,taxable,parent,1,,,0,0,,,,,0,,,51000,,,,https://plata-ts.ru/wp-content/uploads/2025/conditioners-img/avtocondicioner-frost-axi-1500-1.webp,,,id:7897,,,,,,1,,,"Напряжение (V)",12В,,1,"Номинальная сила тока (А)",24-50,,1,"Мощность охлаждения, Вт",1500,,1,,,,,,,,,,,,,,,,,,,,,,,,,,,,,,,,,,,,,,,,,,,,,,,,,,,,,,,,,,,,,,,,,,,,,,,,,,,,,,,,,,,,,,,,
7923,variation,a011008,,"Электрический кондиционер моноблок Frost AXI 1500",1,0,visible,,,,,taxable,parent,1,,,0,0,,,,,0,,,49000,,,,https://plata-ts.ru/wp-content/uploads/2025/conditioners-img/avtocondicioner-frost-axi-1500-3.webp,,,id:7897,,,,,,2,,,"Напряжение (V)",24В,,1,"Номинальная сила тока (А)",12-25,,1,"Мощность охлаждения, Вт",1500,,1,,,,,,,,,,,,,,,,,,,,,,,,,,,,,,,,,,,,,,,,,,,,,,,,,,,,,,,,,,,,,,,,,,,,,,,,,,,,,,,,,,,,,,,,
7924,variation,a009692,,"Электрический кондиционер моноблок Frost AXI 2000",1,0,visible,,,,,taxable,parent,1,,,0,0,,,,,0,,,55000,,,,https://plata-ts.ru/wp-content/uploads/2025/conditioners-img/avtocondicioner-frost-axi-2000-1.webp,,,id:7898,,,,,,1,,,"Напряжение (V)",24В,,1,"Номинальная сила тока (А)",12-35,,1,"Мощность охлаждения, Вт",2600,,1,,,,,,,,,,,,,,,,,,,,,,,,,,,,,,,,,,,,,,,,,,,,,,,,,,,,,,,,,,,,,,,,,,,,,,,,,,,,,,,,,,,,,,,,
7925,variation,a010061,,"Электрический кондиционер моноблок Frost AXI 2000",1,0,visible,,,,,taxable,parent,1,,,0,0,,,,,0,,,57000,,,,https://plata-ts.ru/wp-content/uploads/2025/conditioners-img/avtocondicioner-frost-axi-2000-2.webp,,,id:7898,,,,,,2,,,"Напряжение (V)",12В,,1,"Номинальная сила тока (А)",12-35,,1,"Мощность охлаждения, Вт",2600,,1,,,,,,,,,,,,,,,,,,,,,,,,,,,,,,,,,,,,,,,,,,,,,,,,,,,,,,,,,,,,,,,,,,,,,,,,,,,,,,,,,,,,,,,,
7927,variation,a006577,,"Универсальный электрический кондиционер Frost UC 5",1,0,visible,,,,,taxable,parent,1,,,0,0,,,,,0,,,49400,,,,https://plata-ts.ru/wp-content/uploads/2025/conditioners-img/avtokondicioner-frost-uc5-2.webp,,,id:7899,,,,,,2,,,"Напряжение (V)",24В,,1,"Номинальная сила тока (А)",33-42,,1,"Мощность охлаждения, Вт",2600,,1,,,,,,,,,,,,,,,,,,,,,,,,,,,,,,,,,,,,,,,,,,,,,,,,,,,,,,,,,,,,,,,,,,,,,,,,,,,,,,,,,,,,,,,,
7926,variation,a004493,,"Универсальный электрический кондиционер Frost UC 5",1,0,visible,,,,,taxable,parent,1,,,0,0,,,,,0,,,47000,,,,https://plata-ts.ru/wp-content/uploads/2025/conditioners-img/avtokondicioner-frost-uc5-1.webp,,,id:7899,,,,,,1,,,"Напряжение (V)",12В,,1,"Номинальная сила тока (А)",67-83,,1,"Мощность охлаждения, Вт",2600,,1,,,,,,,,,,,,,,,,,,,,,,,,,,,,,,,,,,,,,,,,,,,,,,,,,,,,,,,,,,,,,,,,,,,,,,,,,,,,,,,,,,,,,,,,
7928,variation,a500024,,"Электрический кондиционер моноблок Frost AXI 5000",1,0,visible,,,,,taxable,parent,1,,,0,0,,,,,0,,,71000,,,,https://plata-ts.ru/wp-content/uploads/2025/conditioners-img/avtocondicioner-frost-axi-5000-1.webp,,,id:7900,,,,,,0,,,"Напряжение (V)",24В,,1,"Номинальная сила тока (А)",63-75,,1,"Мощность охлаждения, Вт",3500,,1,,,,,,,,,,,,,,,,,,,,,,,,,,,,,,,,,,,,,,,,,,,,,,,,,,,,,,,,,,,,,,,,,,,,,,,,,,,,,,,,,,,,,,,,
7929,variation,a500012,,"Электрический кондиционер моноблок Frost AXI 5000",1,0,visible,,,,,taxable,parent,1,,,0,0,,,,,0,,,69000,,,,https://plata-ts.ru/wp-content/uploads/2025/conditioners-img/avtocondicioner-frost-axi-5000-2.webp,,,id:7900,,,,,,0,,,"Напряжение (V)",12В,,1,"Номинальная сила тока (А)",125-150,,1,"Мощность охлаждения, Вт",3500,,1,,,,,,,,,,,,,,,,,,,,,,,,,,,,,,,,,,,,,,,,,,,,,,,,,,,,,,,,,,,,,,,,,,,,,,,,,,,,,,,,,,,,,,,,
7930,variation,ac2600m12,,"Автокондиционер моноблок AeroCool 2600M",1,0,visible,,,,,taxable,parent,1,,,0,0,,,,,0,,,44900,,,,https://plata-ts.ru/wp-content/uploads/2025/conditioners-img/avtocondicioner-aerocool-2600m-1.webp,,,id:7901,,,,,,1,,,"Напряжение (V)",12В,,1,"Номинальная сила тока (А)",75-83,,1,"Мощность охлаждения, Вт",2600,,1,,,,,,,,,,,,,,,,,,,,,,,,,,,,,,,,,,,,,,,,,,,,,,,,,,,,,,,,,,,,,,,,,,,,,,,,,,,,,,,,,,,,,,,,
7931,variation,ac2600m24,,"Автокондиционер моноблок AeroCool 2600M",1,0,visible,,,,,taxable,parent,1,,,0,0,,,,,0,,,42900,,,,https://plata-ts.ru/wp-content/uploads/2025/conditioners-img/avtocondicioner-aerocool-2600m-2.webp,,,id:7901,,,,,,2,,,"Напряжение (V)",24В,,1,"Номинальная сила тока (А)",37-42,,1,"Мощность охлаждения, Вт",2600,,1,,,,,,,,,,,,,,,,,,,,,,,,,,,,,,,,,,,,,,,,,,,,,,,,,,,,,,,,,,,,,,,,,,,,,,,,,,,,,,,,,,,,,,,,
7932,variation,ac2600s12,,"Автокондиционер сплит-система AeroCool 2600S",1,0,visible,,,,,taxable,parent,1,,,0,0,,,,,0,,,42900,,,,https://plata-ts.ru/wp-content/uploads/2025/conditioners-img/avtocondicioner-aerocool-2600s-2.webp,,,id:7902,,,,,,1,,,"Напряжение (V)",12В,,1,"Номинальная сила тока (А)",60-80,,1,"Мощность охлаждения, Вт",2600,,1,,,,,,,,,,,,,,,,,,,,,,,,,,,,,,,,,,,,,,,,,,,,,,,,,,,,,,,,,,,,,,,,,,,,,,,,,,,,,,,,,,,,,,,,
7933,variation,ac2600s24,,"Автокондиционер сплит-система AeroCool 2600S",1,0,visible,,,,,taxable,parent,1,,,0,0,,,,,0,,,42900,,,,https://plata-ts.ru/wp-content/uploads/2025/conditioners-img/avtocondicioner-aerocool-2600s-1.webp,,,id:7902,,,,,,2,,,"Напряжение (V)",24В,,1,"Номинальная сила тока (А)",37-42,,1,"Мощность охлаждения, Вт",2600,,1,,,,,,,,,,,,,,,,,,,,,,,,,,,,,,,,,,,,,,,,,,,,,,,,,,,,,,,,,,,,,,,,,,,,,,,,,,,,,,,,,,,,,,,,
7935,variation,ac2800m24,,"Автономный электрический кондиционер AeroCool М2800",1,0,visible,,,,,taxable,parent,1,,,0,0,,,,,0,,,37500,,,,https://plata-ts.ru/wp-content/uploads/2025/conditioners-img/avtocondicioner-aerocool-2800m-2.webp,,,id:7903,,,,,,0,,,"Напряжение (V)",24В,,1,"Номинальная сила тока (А)",15-45,,1,"Мощность охлаждения, Вт",2600,,1,,,,,,,,,,,,,,,,,,,,,,,,,,,,,,,,,,,,,,,,,,,,,,,,,,,,,,,,,,,,,,,,,,,,,,,,,,,,,,,,,,,,,,,,
7934,variation,ac2800m12,,"Автономный электрический кондиционер AeroCool М2800",1,0,visible,,,,,taxable,parent,1,,,0,0,,,,,0,,,39500,,,,https://plata-ts.ru/wp-content/uploads/2025/conditioners-img/avtocondicioner-aerocool-2800m-1.webp,,,id:7903,,,,,,0,,,"Напряжение (V)",12В,,1,"Номинальная сила тока (А)",60-80,,1,"Мощность охлаждения, Вт",2600,,1,,,,,,,,,,,,,,,,,,,,,,,,,,,,,,,,,,,,,,,,,,,,,,,,,,,,,,,,,,,,,,,,,,,,,,,,,,,,,,,,,,,,,,,,
7936,variation,ac3000m12,,"Автономный электрический кондиционер AeroCool М3000",1,0,visible,,,,,taxable,parent,1,,,0,0,,,,,0,,,40500,,,,https://plata-ts.ru/wp-content/uploads/2025/conditioners-img/avtocondicioner-aerocool-3000m-1.webp,,,id:7904,,,,,,0,,,"Напряжение (V)",12В,,1,"Номинальная сила тока (А)",25-94,,1,"Мощность охлаждения, Вт",3000,,1,,,,,,,,,,,,,,,,,,,,,,,,,,,,,,,,,,,,,,,,,,,,,,,,,,,,,,,,,,,,,,,,,,,,,,,,,,,,,,,,,,,,,,,,
7937,variation,ac3000m24,,"Автономный электрический кондиционер AeroCool М3000",1,0,visible,,,,,taxable,parent,1,,,0,0,,,,,0,,,38500,,,,https://plata-ts.ru/wp-content/uploads/2025/conditioners-img/avtocondicioner-aerocool-3000m-2.webp,,,id:7904,,,,,,0,,,"Напряжение (V)",24В,,1,"Номинальная сила тока (А)",15-47,,1,"Мощность охлаждения, Вт",3000,,1,,,,,,,,,,,,,,,,,,,,,,,,,,,,,,,,,,,,,,,,,,,,,,,,,,,,,,,,,,,,,,,,,,,,,,,,,,,,,,,,,,,,,,,,
7938,variation,ac1000d12,,"Автономный электрический кондиционер AERO D1000",1,0,visible,,,,,taxable,parent,1,,,0,0,,,,,0,,,36500,,,,https://plata-ts.ru/wp-content/uploads/2025/conditioners-img/avtocondicioner-aero-d1000-2.webp,,,id:7905,,,,,,0,,,"Напряжение (V)",12В,,1,"Номинальная сила тока (А)",16-75,,1,"Мощность охлаждения, Вт",2600,,1,,,,,,,,,,,,,,,,,,,,,,,,,,,,,,,,,,,,,,,,,,,,,,,,,,,,,,,,,,,,,,,,,,,,,,,,,,,,,,,,,,,,,,,,
7939,variation,ac1000d24,,"Автономный электрический кондиционер AERO D1000",1,0,visible,,,,,taxable,parent,1,,,0,0,,,,,0,,,34500,,,,https://plata-ts.ru/wp-content/uploads/2025/conditioners-img/avtocondicioner-aero-d1000-1.webp,,,id:7905,,,,,,0,,,"Напряжение (V)",24В,,1,"Номинальная сила тока (А)",8-35,,1,"Мощность охлаждения, Вт",2600,,1,,,,,,,,,,,,,,,,,,,,,,,,,,,,,,,,,,,,,,,,,,,,,,,,,,,,,,,,,,,,,,,,,,,,,,,,,,,,,,,,,,,,,,,,
7940,variation,ac1800m12,,"Автономный электрический кондиционер AeroCool SXX-1800M",1,0,visible,,,,,taxable,parent,1,,,0,0,,,,,0,,,40500,,,,https://plata-ts.ru/wp-content/uploads/2025/conditioners-img/avtocondicioner-aerocool-ssx-1800m-1.webp,,,id:7906,,,,,,0,,,"Напряжение (V)",12В,,1,"Номинальная сила тока (А)",16-60,,1,"Мощность охлаждения, Вт",1800,,1,,,,,,,,,,,,,,,,,,,,,,,,,,,,,,,,,,,,,,,,,,,,,,,,,,,,,,,,,,,,,,,,,,,,,,,,,,,,,,,,,,,,,,,,
7941,variation,ac1800m24,,"Автономный электрический кондиционер AeroCool SXX-1800M",1,0,visible,,,,,taxable,parent,1,,,0,0,,,,,0,,,39000,,,,https://plata-ts.ru/wp-content/uploads/2025/conditioners-img/avtocondicioner-aerocool-ssx-1800m-2.webp,,,id:7906,,,,,,0,,,"Напряжение (V)",24В,,1,"Номинальная сила тока (А)",8-35,,1,"Мощность охлаждения, Вт",1800,,1,,,,,,,,,,,,,,,,,,,,,,,,,,,,,,,,,,,,,,,,,,,,,,,,,,,,,,,,,,,,,,,,,,,,,,,,,,,,,,,,,,,,,,,,
7942,variation,22-0823,,"Электрический кондиционер моноблок TITAN",1,0,visible,,,,,taxable,parent,1,,,0,0,,,,,0,,,74000,,,,https://plata-ts.ru/wp-content/uploads/2025/conditioners-img/avtokondicioner-monoblok-titan-1.webp,,,id:7907,,,,,,1,,,"Напряжение (V)",12В,,1,"Номинальная сила тока (А)",70,,1,"Мощность охлаждения, Вт",2200,,1,,,,,,,,,,,,,,,,,,,,,,,,,,,,,,,,,,,,,,,,,,,,,,,,,,,,,,,,,,,,,,,,,,,,,,,,,,,,,,,,,,,,,,,,
7943,variation,22-1618,,"Электрический кондиционер моноблок TITAN",1,0,visible,,,,,taxable,parent,1,,,0,0,,,,,0,,,61400,,,,https://plata-ts.ru/wp-content/uploads/2025/conditioners-img/avtokondicioner-monoblok-titan-3.webp,,,id:7907,,,,,,2,,,"Напряжение (V)",24В,,1,"Номинальная сила тока (А)",68,,1,"Мощность охлаждения, Вт",2000,,1,,,,,,,,,,,,,,,,,,,,,,,,,,,,,,,,,,,,,,,,,,,,,,,,,,,,,,,,,,,,,,,,,,,,,,,,,,,,,,,,,,,,,,,,
7944,variation,22-1068,,"Электрический кондиционер моноблок TITAN PRO",1,0,visible,,,,,taxable,parent,1,,,0,0,,,,,0,,,77600,,,,https://plata-ts.ru/wp-content/uploads/2025/conditioners-img/avtokondicioner-monoblok-titan-pro-1.webp,,,id:7908,,,,,,1,,,"Напряжение (V)",12В,,1,"Номинальная сила тока (А)",83,,1,"Мощность охлаждения, Вт",2200,,1,,,,,,,,,,,,,,,,,,,,,,,,,,,,,,,,,,,,,,,,,,,,,,,,,,,,,,,,,,,,,,,,,,,,,,,,,,,,,,,,,,,,,,,,
7945,variation,22-1064,,"Электрический кондиционер моноблок TITAN PRO",1,0,visible,,,,,taxable,parent,1,,,0,0,,,,,0,,,77600,,,,https://plata-ts.ru/wp-content/uploads/2025/conditioners-img/avtokondicioner-monoblok-titan-pro-2.webp,,,id:7908,,,,,,2,,,"Напряжение (V)",24В,,1,"Номинальная сила тока (А)",42,,1,"Мощность охлаждения, Вт",2600,,1,,,,,,,,,,,,,,,,,,,,,,,,,,,,,,,,,,,,,,,,,,,,,,,,,,,,,,,,,,,,,,,,,,,,,,,,,,,,,,,,,,,,,,,,
7946,variation,22-0826,,"Электрическая сплит-система универсальная TITAN 2kW",1,0,visible,,,,,taxable,parent,1,,,0,0,,,,,0,,,39900,,,,https://plata-ts.ru/wp-content/uploads/2025/conditioners-img/avtomobilnaya-split-sistema-titan-2kw-12v-1.webp,,,id:7909,,,,,,1,,,"Напряжение (V)",12В,,1,"Номинальная сила тока (А)",65,,1,"Мощность охлаждения, Вт",1950,,1,,,,,,,,,,,,,,,,,,,,,,,,,,,,,,,,,,,,,,,,,,,,,,,,,,,,,,,,,,,,,,,,,,,,,,,,,,,,,,,,,,,,,,,,
7947,variation,22-0824,,"Электрическая сплит-система универсальная TITAN 2kW",1,0,visible,,,,,taxable,parent,1,,,0,0,,,,,0,,,39900,,,,https://plata-ts.ru/wp-content/uploads/2025/conditioners-img/avtomobilnaya-split-sistema-titan-2kw-12v-1.webp,,,id:7909,,,,,,2,,,"Напряжение (V)",24В,,1,"Номинальная сила тока (А)",45,,1,"Мощность охлаждения, Вт",2400,,1,,,,,,,,,,,,,,,,,,,,,,,,,,,,,,,,,,,,,,,,,,,,,,,,,,,,,,,,,,,,,,,,,,,,,,,,,,,,,,,,,,,,,,,,
